host_time,session_id,record_type,stm_tick_ms,command_id,command,motor_a_delta,motor_b_delta,sample_dt_ms,yaw_deg,target_deg,yaw_rate_dps,turn_error_deg,turn_effort,left_pwm,right_pwm,servo_ccr,servo_center_ccr,servo_offset_ccr,steer_cmd_percent,turn_phase,fault_code,control_tick_ms,control_dt_ms,cps_a_f,cps_b_f,wheel_speed_error_cps,wheel_pi_i_acc,wheel_pi_i_limit,wheel_pi_off,drive_percent
1790375285.6135342,1,ENC,8171,0,,0,0,20,,,,,,,,,,,,,,,,,,,,,,
1790375285.6342087,1,ENC,8191,0,,0,0,20,,,,,,,,,,,,,,,,,,,,,,
1790375285.6540582,1,ENC,8211,0,,0,0,20,,,,,,,,,,,,,,,,,,,,,,
1790375285.6739132,1,ENC,8231,0,,0,0,20,,,,,,,,,,,,,,,,,,,,,,
1790375285.6939037,1,ENC,8251,0,,0,0,20,,,,,,,,,,,,,,,,,,,,,,
1790375285.713643,1,ENC,8271,0,,0,0,20,,,,,,,,,,,,,,,,,,,,,,
1790375285.7334938,1,ENC,8291,0,,0,0,20,,,,,,,,,,,,,,,,,,,,,,
1790375285.7533538,1,ENC,8311,0,,0,0,20,,,,,,,,,,,,,,,,,,,,,,
1790375285.7732,1,ENC,8331,0,,0,0,20,,,,,,,,,,,,,,,,,,,,,,
1790375285.7930589,1,ENC,8351,0,,0,0,20,,,,,,,,,,,,,,,,,,,,,,
1790375285.8120403,1,ENC,8371,0,,0,0,20,,,,,,,,,,,,,,,,,,,,,,
1790375285.8329136,1,ENC,8391,0,,0,0,20,,,,,,,,,,,,,,,,,,,,,,
1790375285.8526337,1,ENC,8411,0,,0,0,20,,,,,,,,,,,,,,,,,,,,,,
1790375285.8724859,1,ENC,8431,0,,0,0,20,,,,,,,,,,,,,,,,,,,,,,
1790375285.89234,1,ENC,8451,0,,0,0,20,,,,,,,,,,,,,,,,,,,,,,
1790375285.912187,1,ENC,8471,0,,0,0,20,,,,,,,,,,,,,,,,,,,,,,
1790375285.932034,1,ENC,8491,0,,0,0,20,,,,,,,,,,,,,,,,,,,,,,
1790375285.9519122,1,ENC,8511,0,,0,0,20,,,,,,,,,,,,,,,,,,,,,,
1790375285.9718246,1,ENC,8531,0,,0,0,20,,,,,,,,,,,,,,,,,,,,,,
1790375285.9916062,1,ENC,8551,0,,0,0,20,,,,,,,,,,,,,,,,,,,,,,
1790375286.010559,1,ENC,8571,0,,0,0,20,,,,,,,,,,,,,,,,,,,,,,
1790375286.0314355,1,ENC,8591,0,,0,0,20,,,,,,,,,,,,,,,,,,,,,,
1790375286.051158,1,ENC,8611,0,,0,0,20,,,,,,,,,,,,,,,,,,,,,,
1790375286.071016,1,ENC,8631,0,,0,0,20,,,,,,,,,,,,,,,,,,,,,,
1790375286.0908782,1,ENC,8651,0,,0,0,20,,,,,,,,,,,,,,,,,,,,,,
1790375286.110725,1,ENC,8671,0,,0,0,20,,,,,,,,,,,,,,,,,,,,,,
1790375286.1305823,1,ENC,8691,0,,0,0,20,,,,,,,,,,,,,,,,,,,,,,
1790375286.1504402,1,ENC,8711,0,,0,0,20,,,,,,,,,,,,,,,,,,,,,,
1790375286.1704087,1,ENC,8731,0,,0,0,20,,,,,,,,,,,,,,,,,,,,,,
1790375286.1901364,1,ENC,8751,0,,0,0,20,,,,,,,,,,,,,,,,,,,,,,
1790375286.2091093,1,ENC,8771,0,,0,0,20,,,,,,,,,,,,,,,,,,,,,,
1790375286.229824,1,ENC,8791,0,,0,0,20,,,,,,,,,,,,,,,,,,,,,,
1790375286.2496688,1,ENC,8811,0,,0,0,20,,,,,,,,,,,,,,,,,,,,,,
1790375286.2695205,1,ENC,8831,0,,0,0,20,,,,,,,,,,,,,,,,,,,,,,
1790375286.289479,1,ENC,8851,0,,0,0,20,,,,,,,,,,,,,,,,,,,,,,
1790375286.3093245,1,ENC,8871,0,,0,0,20,,,,,,,,,,,,,,,,,,,,,,
1790375286.3293455,1,ENC,8891,0,,0,0,20,,,,,,,,,,,,,,,,,,,,,,
1790375286.349007,1,ENC,8911,0,,0,0,20,,,,,,,,,,,,,,,,,,,,,,
1790375286.369314,1,ENC,8931,0,,0,0,20,,,,,,,,,,,,,,,,,,,,,,
1790375286.3889954,1,ENC,8951,0,,0,0,20,,,,,,,,,,,,,,,,,,,,,,
1790375286.4082587,1,ENC,8971,0,,0,0,20,,,,,,,,,,,,,,,,,,,,,,
1790375286.428725,1,ENC,8991,0,,0,0,20,,,,,,,,,,,,,,,,,,,,,,
1790375286.4485562,1,ENC,9011,0,,0,0,20,,,,,,,,,,,,,,,,,,,,,,
1790375286.468577,1,ENC,9031,0,,0,0,20,,,,,,,,,,,,,,,,,,,,,,
1790375286.4766116,1,STR,9035,1,,,,,0.0,0.0,0.0,0.0,,7199,7199,151,151,0,0.0,,,,,,,,,,,
1790375286.4863443,1,WPI,9043,1,,,,,,,,,,7199,7199,,,,,,,9040,5,0.0,0.0,0,0,40000,0,0
1790375286.4903295,1,CMD,9033,1,FWD_CM:200,,,,,,,,,,,,,,,,,,,,,,,,,
1790375286.4951057,1,ENC,9056,1,,0,0,21,,,,,,,,,,,,,,,,,,,,,,
1790375286.5047328,1,STR,9060,1,,,,,0.0,0.0,0.0,0.0,,7199,7166,151,151,0,0.0,,,,,,,,,,,
1790375286.5094032,1,ENC,9072,1,,0,0,20,,,,,,,,,,,,,,,,,,,,,,
1790375286.5189536,1,STR,9076,1,,,,,0.0,0.0,0.0,0.0,,7199,7166,151,151,0,0.0,,,,,,,,,,,
1790375286.5298922,1,WPI,9084,1,,,,,,,,,,7189,7132,,,,,,,9080,5,0.0,0.0,0,0,40000,0,2
1790375286.5336082,1,ENC,9097,1,,0,0,25,,,,,,,,,,,,,,,,,,,,,,
1790375286.5417604,1,STR,9099,1,,,,,0.0,0.0,0.0,0.0,,7159,7098,151,151,0,0.0,,,,,,,,,,,
1790375286.5535407,1,ENC,9117,1,,0,0,20,,,,,,,,,,,,,,,,,,,,,,
1790375286.5615418,1,STR,9119,1,,,,,0.0,0.0,0.0,0.0,,7100,7030,151,151,0,0.0,,,,,,,,,,,
1790375286.5712583,1,WPI,9129,1,,,,,,,,,,7043,6962,,,,,,,9125,5,0.0,0.0,0,0,40000,0,7
1790375286.5765688,1,ENC,9138,1,,1,0,21,,,,,,,,,,,,,,,,,,,,,,
1790375286.5862937,1,STR,9144,1,,,,,0.0,0.0,0.0,0.0,,6984,6894,151,151,0,0.0,,,,,,,,,,,
1790375286.596031,1,ENC,9158,1,,1,0,20,,,,,,,,,,,,,,,,,,,,,,
1790375286.6057055,1,STR,9162,1,,,,,0.0,0.0,0.0,0.0,,6868,6758,151,151,0,0.0,,,,,,,,,,,
1790375286.6176453,1,WPI,9172,1,,,,,,,,,,6809,6690,,,,,,,9170,5,35.927,0.0,35,236,40000,0,15
1790375286.6223404,1,ENC,9185,1,,3,0,27,,,,,,,,,,,,,,,,,,,,,,
1790375286.6308692,1,STR,9189,1,,,,,0.004,0.0,0.242,-0.001,,6722,6588,151,151,0,0.387,,,,,,,,,,,
1790375286.641255,1,ENC,9205,1,,2,1,20,,,,,,,,,,,,,,,,,,,,,,
1790375286.6508534,1,STR,9209,1,,,,,-0.001,0.0,0.0,-0.002,,6549,6384,151,151,0,-0.964,,,,,,,,,,,
1790375286.657973,1,WPI,9217,1,,,,,,,,,,6491,6316,,,,,,,9215,5,80.85,28.947,51,671,40000,0,26
1790375286.660156,1,ENC,9225,1,,2,3,20,,,,,,,,,,,,,,,,,,,,,,
1790375286.6650348,1,STR,9227,1,,,,,-0.001,0.0,0.0,0.001,,6404,6214,151,151,0,0.0,,,,,,,,,,,
1790375286.6819828,1,ENC,9245,1,,4,5,20,,,,,,,,,,,,,,,,,,,,,,
1790375286.689965,1,STR,9249,1,,,,,-0.005,0.0,0.0,0.005,,6202,5976,151,151,0,0.0,,,,,,,,,,,
1790375286.7006152,1,WPI,9257,1,,,,,,,,,,6087,5840,,,,,,,9255,5,150.681,151.112,0,791,40000,0,40
1790375286.7052765,1,ENC,9268,1,,8,8,23,,,,,,,,,,,,,,,,,,,,,,
1790375286.716737,1,STR,9272,1,,,,,0.005,0.0,0.724,-0.005,,5942,5670,152,151,1,1.159,,,,,,,,,,,
1790375286.725385,1,ENC,9288,1,,11,10,20,,,,,,,,,,,,,,,,,,,,,,
1790375286.7353404,1,STR,9292,1,,,,,0.004,0.0,0.242,-0.004,,5713,5397,151,151,0,0.387,,,,,,,,,,,
1790375286.7487404,1,WPI,9304,1,,,,,,,,,,5597,5261,,,,,,,9300,5,372.949,357.844,15,837,40000,1,57
1790375286.7522924,1,ENC,9317,1,,20,21,29,,,,,,,,,,,,,,,,,,,,,,
1790375286.761507,1,STR,9321,1,,,,,0.01,0.0,0.0,-0.01,,5338,4955,151,151,0,0.0,,,,,,,,,,,
1790375286.7721434,1,ENC,9337,1,,19,19,20,,,,,,,,,,,,,,,,,,,,,,
1790375286.7818375,1,STR,9341,1,,,,,0.006,0.0,-0.663,-0.006,,5050,4615,151,151,0,-1.06,,,,,,,,,,,
1790375286.7938416,1,WPI,9349,1,,,,,,,,,,4992,4547,,,,,,,9345,5,705.907,723.009,-17,763,40000,1,78
1790375286.7969506,1,ENC,9362,1,,30,32,25,,,,,,,,,,,,,,,,,,,,,,
1790375286.8081982,1,STR,9366,1,,,,,-0.008,0.0,-0.904,0.008,,4674,4174,150,151,-1,-1.446,,,,,,,,,,,
1790375286.8167882,1,ENC,9382,1,,29,32,20,,,,,,,,,,,,,,,,,,,,,,
1790375286.828196,1,STR,9386,1,,,,,-0.032,0.0,-1.266,0.032,,4358,3799,150,151,-1,-2.025,,,,,,,,,,,
1790375286.842708,1,WPI,9396,1,,,,,,,,,,4356,3800,,,,,,,9395,5,1201.643,1274.581,-72,328,40000,0,100
1790375286.8487124,1,ENC,9413,1,,57,60,31,,,,,,,,,,,,,,,,,,,,,,
1790375286.858862,1,STR,9417,1,,,,,-0.054,0.0,-1.085,0.054,,4355,3800,150,151,-1,-1.736,,,,,,,,,,,
1790375286.8685563,1,ENC,9433,1,,42,45,20,,,,,,,,,,,,,,,,,,,,,,
1790375286.87717,1,STR,9437,1,,,,,-0.07,0.0,0.302,0.07,,4352,3801,151,151,0,0.483,,,,,,,,,,,
1790375286.8904393,1,WPI,9445,1,,,,,,,,,,4352,3801,,,,,,,9445,5,1767.848,1850.896,-83,-566,40000,-1,100
1790375286.8955002,1,ENC,9460,1,,64,66,27,,,,,,,,,,,,,,,,,,,,,,
1790375286.9055798,1,STR,9464,1,,,,,-0.057,0.0,0.543,0.057,,4350,3802,152,151,1,0.869,,,,,,,,,,,
1790375286.9152892,1,ENC,9480,1,,51,51,20,,,,,,,,,,,,,,,,,,,,,,
1790375286.925851,1,STR,9484,1,,,,,-0.051,0.0,1.569,0.051,,4347,3803,152,151,1,0.729,,,,,,,,,,,
1790375286.9416885,1,WPI,9494,1,,,,,,,,,,4347,3803,,,,,,,9490,5,2207.722,2267.672,-59,-1190,40000,-3,100
1790375286.944895,1,ENC,9511,1,,83,84,31,,,,,,,,,,,,,,,,,,,,,,
1790375286.9527004,1,STR,9515,1,,,,,-0.04,0.0,-0.422,0.04,,4344,3804,151,151,0,-0.674,,,,,,,,,,,
1790375286.9638338,1,ENC,9531,1,,56,57,20,,,,,,,,,,,,,,,,,,,,,,
1790375286.9683318,1,STR,9533,1,,,,,-0.046,0.0,0.0,0.046,,4342,3805,151,151,0,0.0,,,,,,,,,,,
1790375286.981823,1,WPI,9537,1,,,,,,,,,,4341,3805,,,,,,,9535,5,2547.227,2598.119,-50,-1674,40000,-5,100
1790375286.9855971,1,ENC,9552,1,,61,62,21,,,,,,,,,,,,,,,,,,,,,,
1790375286.9970021,1,STR,9556,1,,,,,-0.051,0.0,-0.964,0.051,,4340,3805,150,151,-1,-1.543,,,,,,,,,,,
1790375287.0054586,1,ENC,9572,1,,60,60,20,,,,,,,,,,,,,,,,,,,,,,
1790375287.0169694,1,STR,9576,1,,,,,-0.071,0.0,-1.025,0.071,,4337,3806,150,151,-1,-1.639,,,,,,,,,,,
1790375287.0328035,1,WPI,9586,1,,,,,,,,,,4337,3806,,,,,,,9585,5,2822.489,2872.057,-49,-2082,40000,-6,100
1790375287.0373383,1,ENC,9603,1,,96,97,31,,,,,,,,,,,,,,,,,,,,,,
1790375287.0474362,1,STR,9607,1,,,,,-0.108,0.0,-1.386,0.108,,4335,3806,149,151,-2,-5.0,,,,,,,,,,,
1790375287.057198,1,ENC,9623,1,,64,63,20,,,,,,,,,,,,,,,,,,,,,,
1790375287.06707,1,STR,9627,1,,,,,-0.123,0.0,0.0,0.123,,4334,3806,149,151,-2,-5.0,,,,,,,,,,,
1790375287.0793836,1,WPI,9637,1,,,,,,,,,,4332,3807,,,,,,,9635,5,3034.86,3059.679,-24,-2324,40000,-7,100
1790375287.0841064,1,ENC,9650,1,,87,87,27,,,,,,,,,,,,,,,,,,,,,,
1790375287.0947442,1,STR,9654,1,,,,,-0.131,0.0,-0.482,0.131,,4331,3807,149,151,-2,-5.0,,,,,,,,,,,
1790375287.103874,1,ENC,9670,1,,65,65,20,,,,,,,,,,,,,,,,,,,,,,
1790375287.1145294,1,STR,9674,1,,,,,-0.146,0.0,-0.602,0.146,,4331,3806,149,151,-2,-5.0,,,,,,,,,,,
1790375287.1303368,1,WPI,9684,1,,,,,,,,,,4329,3807,,,,,,,9680,5,3160.565,3163.85,-3,-2335,40000,-7,100
1790375287.1349013,1,ENC,9701,1,,101,101,31,,,,,,,,,,,,,,,,,,,,,,
1790375287.1447465,1,STR,9705,1,,,,,-0.152,0.0,0.0,0.152,,4327,3807,149,151,-2,-5.0,,,,,,,,,,,
1790375287.153399,1,ENC,9721,1,,66,67,20,,,,,,,,,,,,,,,,,,,,,,
1790375287.1634371,1,STR,9725,1,,,,,-0.143,0.0,1.689,0.143,,4326,3807,150,151,-1,-2.0,,,,,,,,,,,
1790375287.1769433,1,WPI,9735,1,,,,,,,,,,4325,3807,,,,,,,9735,5,3246.402,3259.634,-13,-2433,40000,-7,100
1790375287.1819534,1,ENC,9748,1,,91,92,27,,,,,,,,,,,,,,,,,,,,,,
1790375287.193295,1,STR,9752,1,,,,,-0.095,0.0,0.362,0.095,,4325,3807,153,151,2,2.5,,,,,,,,,,,
1790375287.2019503,1,ENC,9768,1,,67,68,20,,,,,,,,,,,,,,,,,,,,,,
1790375287.2133043,1,STR,9772,1,,,,,-0.081,0.0,1.81,0.081,,4325,3807,153,151,2,2.02,,,,,,,,,,,
1790375287.2278593,1,WPI,9784,1,,,,,,,,,,4324,3808,,,,,,,9780,5,3279.903,3328.053,-48,-2680,40000,-8,100
1790375287.2342212,1,ENC,9801,1,,108,110,33,,,,,,,,,,,,,,,,,,,,,,
1790375287.2427256,1,STR,9805,1,,,,,-0.064,0.0,0.242,0.064,,4324,3808,151,151,0,0.327,,,,,,,,,,,
1790375287.2518625,1,ENC,9821,1,,67,68,20,,,,,,,,,,,,,,,,,,,,,,
1790375287.2574282,1,STR,9823,1,,,,,-0.067,0.0,-0.241,0.067,,4323,3809,151,151,0,-0.445,,,,,,,,,,,
1790375287.2643576,1,WPI,9828,1,,,,,,,,,,4323,3809,,,,,,,9825,5,3317.619,3386.016,-68,-3073,40000,-9,100
1790375287.2739217,1,ENC,9841,1,,68,69,20,,,,,,,,,,,,,,,,,,,,,,
1790375287.283925,1,STR,9845,1,,,,,-0.077,0.0,-0.602,0.077,,4323,3809,151,151,0,-1.024,,,,,,,,,,,
1790375287.2924728,1,ENC,9861,1,,68,68,20,,,,,,,,,,,,,,,,,,,,,,
1790375287.3019073,1,STR,9865,1,,,,,-0.085,0.0,0.0,0.085,,4322,3810,151,151,0,-0.06,,,,,,,,,,,
1790375287.3156478,1,WPI,9873,1,,,,,,,,,,4322,3810,,,,,,,9870,5,3358.042,3407.854,-49,-3453,40000,-10,100
1790375287.3210104,1,ENC,9888,1,,93,94,27,,,,,,,,,,,,,,,,,,,,,,
1790375287.331135,1,STR,9892,1,,,,,-0.08,0.0,0.0,0.08,,4322,3810,151,151,0,-0.06,,,,,,,,,,,
1790375287.340946,1,ENC,9908,1,,68,69,20,,,,,,,,,,,,,,,,,,,,,,
1790375287.352158,1,STR,9912,1,,,,,-0.08,0.0,0.0,0.08,,4321,3811,151,151,0,-0.06,,,,,,,,,,,
1790375287.3665733,1,WPI,9924,1,,,,,,,,,,4321,3811,,,,,,,9920,5,3383.823,3419.557,-35,-3790,40000,-11,100
1790375287.3708942,1,ENC,9939,1,,103,104,31,,,,,,,,,,,,,,,,,,,,,,
1790375287.381042,1,STR,9943,1,,,,,-0.088,0.0,-1.025,0.088,,4320,3812,150,151,-1,-1.699,,,,,,,,,,,
1790375287.3900244,1,ENC,9959,1,,68,69,20,,,,,,,,,,,,,,,,,,,,,,
1790375287.3998005,1,STR,9963,1,,,,,-0.101,0.0,0.543,0.101,,4320,3812,150,151,-1,-3.199,,,,,,,,,,,
1790375287.413451,1,WPI,9971,1,,,,,,,,,,4320,3812,,,,,,,9970,5,3382.889,3431.897,-49,-4252,40000,-12,100
1790375287.4187474,1,ENC,9986,1,,92,93,27,,,,,,,,,,,,,,,,,,,,,,
1790375287.4304805,1,STR,9992,1,,,,,-0.117,0.0,-0.844,0.117,,4319,3813,149,151,-2,-5.0,,,,,,,,,,,
1790375287.4384818,1,ENC,10006,1,,67,68,20,,,,,,,,,,,,,,,,,,,,,,
1790375287.4502754,1,STR,10010,1,,,,,-0.15,0.0,-1.929,0.15,,4319,3813,149,151,-2,-5.562,,,,,,,,,,,
1790375287.464561,1,WPI,10022,1,,,,,,,,,,4319,3813,,,,,,,10020,5,3393.403,3424.716,-31,-4623,40000,-13,100
1790375287.4706898,1,ENC,10039,1,,113,114,33,,,,,,,,,,,,,,,,,,,,,,
1790375287.4808128,1,STR,10043,1,,,,,-0.196,0.0,-0.783,0.196,,4318,3814,149,151,-2,-5.0,,,,,,,,,,,
1790375287.4894226,1,ENC,10059,1,,68,69,20,,,,,,,,,,,,,,,,,,,,,,
1790375287.500634,1,STR,10063,1,,,,,-0.212,0.0,-0.844,0.212,,4317,3815,149,151,-2,-5.0,,,,,,,,,,,
1790375287.5146093,1,WPI,10073,1,,,,,,,,,,4317,3815,,,,,,,10070,5,3412.483,3442.189,-29,-5034,40000,-15,100
1790375287.519713,1,ENC,10088,1,,102,103,29,,,,,,,,,,,,,,,,,,,,,,
1790375287.5312905,1,STR,10094,1,,,,,-0.218,0.0,-0.301,0.218,,4317,3815,149,151,-2,-5.0,,,,,,,,,,,
1790375287.5394433,1,ENC,10108,1,,68,69,20,,,,,,,,,,,,,,,,,,,,,,
1790375287.5469794,1,STR,10112,1,,,,,-0.219,0.0,0.0,0.219,,4316,3816,149,151,-2,-5.0,,,,,,,,,,,
1790375287.554048,1,WPI,10120,1,,,,,,,,,,4316,3816,,,,,,,10120,5,3417.344,3449.266,-31,-5408,40000,-16,100
1790375287.5574198,1,ENC,10128,1,,68,69,20,,,,,,,,,,,,,,,,,,,,,,
1790375287.5628312,1,STR,10131,1,,,,,-0.232,0.0,-1.205,0.232,,4316,3816,149,151,-2,-5.799,,,,,,,,,,,
1790375287.5804331,1,ENC,10148,1,,70,69,20,,,,,,,,,,,,,,,,,,,,,,
1790375287.5910833,1,STR,10154,1,,,,,-0.246,0.0,0.905,0.246,,4316,3816,149,151,-2,-5.0,,,,,,,,,,,
1790375287.6072235,1,WPI,10164,1,,,,,,,,,,4315,3817,,,,,,,10160,5,3419.381,3467.481,-48,-5642,40000,-17,100
1790375287.6135266,1,ENC,10183,1,,117,120,35,,,,,,,,,,,,,,,,,,,,,,
1790375287.6236289,1,STR,10187,1,,,,,-0.218,0.0,2.232,0.218,,4315,3817,149,151,-2,-5.0,,,,,,,,,,,
1790375287.6332016,1,ENC,10203,1,,69,69,20,,,,,,,,,,,,,,,,,,,,,,
1790375287.643465,1,STR,10207,1,,,,,-0.177,0.0,1.991,0.177,,4314,3818,150,151,-1,-2.0,,,,,,,,,,,
1790375287.6574812,1,WPI,10217,1,,,,,,,,,,4314,3818,,,,,,,10215,5,3426.221,3473.468,-47,-6045,40000,-18,100
1790375287.6619925,1,ENC,10232,1,,99,102,29,,,,,,,,,,,,,,,,,,,,,,
1790375287.6724477,1,STR,10236,1,,,,,-0.13,0.0,0.965,0.13,,4314,3818,149,151,-2,-5.0,,,,,,,,,,,
1790375287.6807468,1,ENC,10252,1,,68,69,20,,,,,,,,,,,,,,,,,,,,,,
1790375287.692374,1,STR,10256,1,,,,,-0.131,0.0,-0.422,0.131,,4313,3819,149,151,-2,-5.0,,,,,,,,,,,
1790375287.7084942,1,WPI,10266,1,,,,,,,,,,4313,3819,,,,,,,10265,5,3419.44,3494.787,-75,-6559,40000,-19,100
1790375287.7148829,1,ENC,10285,1,,115,116,33,,,,,,,,,,,,,,,,,,,,,,
1790375287.7253911,1,STR,10289,1,,,,,-0.125,0.0,1.388,0.13,,4312,3820,149,151,-2,-5.0,,,,,,,,,,,
1790375287.7346475,1,ENC,10305,1,,68,70,20,,,,,,,,,,,,,,,,,,,,,,
1790375287.7447147,1,STR,10309,1,,,,,-0.103,0.0,0.362,0.111,,4311,3821,150,151,-1,-2.0,,,,,,,,,,,
1790375287.7583134,1,WPI,10319,1,,,,,,,,,,4311,3821,,,,,,,10315,5,3431.08,3484.237,-53,-7177,40000,-21,100
1790375287.7637806,1,ENC,10334,1,,99,100,29,,,,,,,,,,,,,,,,,,,,,,
1790375287.7754598,1,STR,10338,1,,,,,-0.074,0.0,1.508,0.086,,4310,3822,152,151,1,1.0,,,,,,,,,,,
1790375287.783651,1,ENC,10354,1,,68,69,20,,,,,,,,,,,,,,,,,,,,,,
1790375287.7938583,1,STR,10358,1,,,,,-0.059,0.0,0.483,0.064,,4310,3822,151,151,0,0.527,,,,,,,,,,,
1790375287.8094816,1,WPI,10370,1,,,,,,,,,,4309,3823,,,,,,,10370,5,3422.183,3479.341,-57,-7732,40000,-23,100
1790375287.8142357,1,ENC,10385,1,,106,109,31,,,,,,,,,,,,,,,,,,,,,,
1790375287.8238375,1,STR,10389,1,,,,,-0.039,0.0,0.0,0.039,,4308,3824,151,151,0,-0.245,,,,,,,,,,,
1790375287.833944,1,ENC,10405,1,,69,70,20,,,,,,,,,,,,,,,,,,,,,,
1790375287.8404896,1,STR,10409,1,,,,,-0.022,0.0,1.146,0.033,,4308,3824,152,151,1,1.589,,,,,,,,,,,
1790375287.848026,1,WPI,10415,1,,,,,,,,,,4307,3825,,,,,,,10415,5,3425.936,3483.431,-57,-8324,40000,-25,100
1790375287.8518653,1,ENC,10425,1,,69,70,20,,,,,,,,,,,,,,,,,,,,,,
1790375287.8583403,1,STR,10427,1,,,,,-0.008,0.0,1.629,0.008,,4307,3825,153,151,2,2.361,,,,,,,,,,,
1790375287.8738256,1,ENC,10445,1,,68,69,20,,,,,,,,,,,,,,,,,,,,,,
1790375287.8835216,1,STR,10449,1,,,,,-0.001,0.0,-0.241,0.0,,4306,3826,151,151,0,-0.245,,,,,,,,,,,
1790375287.8961535,1,WPI,10459,1,,,,,,,,,,4306,3826,,,,,,,10455,5,3427.126,3478.131,-51,-8785,40000,-26,100
1790375287.9028137,1,ENC,10474,1,,99,100,29,,,,,,,,,,,,,,,,,,,,,,
1790375287.9131029,1,STR,10478,1,,,,,-0.041,0.0,0.0,0.031,,4305,3827,150,151,-1,-3.332,,,,,,,,,,,
1790375287.92266,1,ENC,10494,1,,69,70,20,,,,,,,,,,,,,,,,,,,,,,
1790375287.9343953,1,STR,10498,1,,,,,-0.048,0.0,-1.447,0.041,,4305,3827,151,151,0,-0.245,,,,,,,,,,,
1790375287.9490385,1,WPI,10510,1,,,,,,,,,,4304,3828,,,,,,,10510,5,3420.797,3485.904,-65,-9439,40000,-28,100
1790375287.9551537,1,ENC,10527,1,,113,116,33,,,,,,,,,,,,,,,,,,,,,,
1790375287.963943,1,STR,10531,1,,,,,-0.061,0.0,0.0,0.061,,4303,3829,151,151,0,-0.245,,,,,,,,,,,
1790375287.9747365,1,ENC,10547,1,,70,69,20,,,,,,,,,,,,,,,,,,,,,,
1790375287.9836123,1,STR,10551,1,,,,,-0.071,0.0,-0.663,0.071,,4303,3829,150,151,-1,-1.306,,,,,,,,,,,
1790375287.997293,1,WPI,10561,1,,,,,,,,,,4303,3829,,,,,,,10560,5,3457.834,3475.111,-17,-9913,40000,-29,100
1790375288.002152,1,ENC,10574,1,,93,94,27,,,,,,,,,,,,,,,,,,,,,,
1790375288.013996,1,STR,10578,1,,,,,-0.089,0.0,-1.266,0.076,,4302,3830,150,151,-1,-2.271,,,,,,,,,,,
1790375288.02204,1,ENC,10594,1,,69,69,20,,,,,,,,,,,,,,,,,,,,,,
1790375288.0335479,1,STR,10598,1,,,,,-0.084,0.0,0.724,0.092,,4302,3830,152,151,1,0.729,,,,,,,,,,,
1790375288.047838,1,WPI,10610,1,,,,,,,,,,4302,3830,,,,,,,10610,5,3446.221,3493.801,-47,-10206,40000,-30,100
1790375288.0525098,1,ENC,10625,1,,108,109,31,,,,,,,,,,,,,,,,,,,,,,
1790375288.0623636,1,STR,10629,1,,,,,-0.07,0.0,0.845,0.079,,4301,3831,152,151,1,1.106,,,,,,,,,,,
1790375288.0722992,1,ENC,10645,1,,69,70,20,,,,,,,,,,,,,,,,,,,,,,
1790375288.0809498,1,STR,10649,1,,,,,-0.046,0.0,0.0,0.056,,4301,3831,154,151,3,3.036,,,,,,,,,,,
1790375288.094676,1,WPI,10659,1,,,,,,,,,,4301,3831,,,,,,,10655,5,3459.533,3477.489,-17,-10498,40000,-31,100
1790375288.0988421,1,ENC,10672,1,,92,93,27,,,,,,,,,,,,,,,,,,,,,,
1790375288.1091256,1,STR,10676,1,,,,,-0.038,0.0,1.569,0.038,,4300,3832,153,151,2,2.264,,,,,,,,,,,
1790375288.1187353,1,ENC,10692,1,,68,70,20,,,,,,,,,,,,,,,,,,,,,,
1790375288.1292348,1,STR,10696,1,,,,,-0.022,0.0,-1.507,0.022,,4300,3832,151,151,0,-0.736,,,,,,,,,,,
1790375288.1391912,1,WPI,10706,1,,,,,,,,,,4300,3832,,,,,,,10705,5,3435.484,3477.307,-41,-10856,40000,-32,100
1790375288.1422136,1,ENC,10717,1,,86,87,25,,,,,,,,,,,,,,,,,,,,,,
1790375288.147394,1,STR,10719,1,,,,,-0.019,0.0,-0.422,0.02,,4299,3833,152,151,1,0.72,,,,,,,,,,,
1790375288.1634018,1,ENC,10737,1,,69,70,20,,,,,,,,,,,,,,,,,,,,,,
1790375288.1721945,1,STR,10741,1,,,,,-0.026,0.0,-0.301,0.026,,4299,3833,151,151,0,-0.727,,,,,,,,,,,
1790375288.185859,1,WPI,10751,1,,,,,,,,,,4298,3834,,,,,,,10750,5,3426.338,3477.847,-51,-11355,40000,-34,100
1790375288.1892328,1,ENC,10764,1,,92,93,27,,,,,,,,,,,,,,,,,,,,,,
1790375288.2026033,1,STR,10768,1,,,,,-0.04,0.0,-1.567,0.025,,4298,3834,150,151,-1,-1.508,,,,,,,,,,,
1790375288.2106895,1,ENC,10784,1,,69,69,20,,,,,,,,,,,,,,,,,,,,,,
1790375288.2222161,1,STR,10788,1,,,,,-0.043,0.0,0.362,0.046,,4298,3834,151,151,0,0.247,,,,,,,,,,,
1790375288.2365916,1,WPI,10800,1,,,,,,,,,,4297,3835,,,,,,,10800,5,3438.6,3455.873,-17,-11692,40000,-35,100
1790375288.241302,1,ENC,10815,1,,107,107,31,,,,,,,,,,,,,,,,,,,,,,
1790375288.250876,1,STR,10819,1,,,,,-0.055,0.0,0.0,0.055,,4297,3835,151,151,0,-0.245,,,,,,,,,,,
1790375288.2609634,1,ENC,10835,1,,67,69,20,,,,,,,,,,,,,,,,,,,,,,
1790375288.2712011,1,STR,10839,1,,,,,-0.067,0.0,-1.085,0.058,,4297,3835,150,151,-1,-1.402,,,,,,,,,,,
1790375288.284713,1,WPI,10849,1,,,,,,,,,,4296,3836,,,,,,,10845,5,3404.23,3447.619,-43,-12026,40000,-36,100
1790375288.2903147,1,ENC,10864,1,,98,100,29,,,,,,,,,,,,,,,,,,,,,,
1790375288.302063,1,STR,10868,1,,,,,-0.061,0.0,1.508,0.076,,4296,3836,152,151,1,1.019,,,,,,,,,,,
1790375288.3083858,1,ENC,10884,1,,68,68,20,,,,,,,,,,,,,,,,,,,,,,
1790375288.3201447,1,STR,10888,1,,,,,-0.053,0.0,0.0,0.053,,4296,3836,151,151,0,-0.245,,,,,,,,,,,
1790375288.3356414,1,WPI,10898,1,,,,,,,,,,4295,3837,,,,,,,10895,5,3414.214,3423.051,-8,-12366,40000,-37,100
1790375288.3407168,1,ENC,10915,1,,107,107,31,,,,,,,,,,,,,,,,,,,,,,
1790375288.3508475,1,STR,10919,1,,,,,-0.092,0.0,-3.075,0.065,,4295,3837,150,151,-1,-3.245,,,,,,,,,,,
1790375288.3606334,1,ENC,10935,1,,68,70,20,,,,,,,,,,,,,,,,,,,,,,
1790375288.3710103,1,STR,10939,1,,,,,-0.145,0.0,-1.386,0.123,,4295,3837,148,151,-3,-7.138,,,,,,,,,,,
1790375288.3847759,1,WPI,10951,1,,,,,,,,,,4294,3838,,,,,,,10950,5,3404.982,3439.445,-34,-12703,40000,-38,100
1790375288.3880744,1,ENC,10964,1,,98,98,29,,,,,,,,,,,,,,,,,,,,,,
1790375288.4015021,1,STR,10968,1,,,,,-0.204,0.0,-0.241,0.19,,4294,3838,148,151,-3,-7.36,,,,,,,,,,,
1790375288.4094958,1,ENC,10984,1,,69,70,20,,,,,,,,,,,,,,,,,,,,,,
1790375288.421563,1,STR,10988,1,,,,,-0.214,0.0,-1.326,0.207,,4294,3838,149,151,-2,-5.0,,,,,,,,,,,
1790375288.4338422,1,WPI,11000,1,,,,,,,,,,4294,3838,,,,,,,11000,5,3441.474,3450.737,-9,-12950,40000,-38,100
1790375288.437271,1,ENC,11014,1,,104,103,30,,,,,,,,,,,,,,,,,,,,,,
1790375288.4433186,1,STR,11016,1,,,,,-0.237,0.0,-1.085,0.237,,4294,3838,149,151,-2,-5.83,,,,,,,,,,,
1790375288.4590642,1,ENC,11034,1,,69,68,20,,,,,,,,,,,,,,,,,,,,,,
1790375288.4710531,1,STR,11038,1,,,,,-0.292,0.0,-1.869,0.274,,4294,3838,148,151,-3,-7.683,,,,,,,,,,,
1790375288.4861736,1,WPI,11050,1,,,,,,,,,,4294,3838,,,,,,,11050,5,3442.782,3430.851,11,-12960,40000,-38,100
1790375288.4912665,1,ENC,11067,1,,113,115,33,,,,,,,,,,,,,,,,,,,,,,
1790375288.5014083,1,STR,11071,1,,,,,-0.32,0.0,-0.482,0.32,,4294,3838,148,151,-3,-6.234,,,,,,,,,,,
1790375288.5109606,1,ENC,11087,1,,69,69,20,,,,,,,,,,,,,,,,,,,,,,
1790375288.5209613,1,STR,11091,1,,,,,-0.291,0.0,2.111,0.291,,4293,3839,149,151,-2,-5.0,,,,,,,,,,,
1790375288.5336995,1,WPI,11101,1,,,,,,,,,,4293,3839,,,,,,,11100,5,3425.825,3457.882,-32,-13116,40000,-39,100
1790375288.5406654,1,ENC,11116,1,,99,100,29,,,,,,,,,,,,,,,,,,,,,,
1790375288.5521975,1,STR,11122,1,,,,,-0.233,0.0,2.352,0.233,,4293,3839,149,151,-2,-5.0,,,,,,,,,,,
1790375288.5604255,1,ENC,11136,1,,68,69,20,,,,,,,,,,,,,,,,,,,,,,
1790375288.5720017,1,STR,11140,1,,,,,-0.213,0.0,-0.422,0.213,,4292,3840,149,151,-2,-5.0,,,,,,,,,,,
1790375288.5864282,1,WPI,11152,1,,,,,,,,,,4292,3840,,,,,,,11150,5,3417.667,3460.594,-42,-13401,40000,-40,100
1790375288.592563,1,ENC,11169,1,,113,115,33,,,,,,,,,,,,,,,,,,,,,,
1790375288.602491,1,STR,11173,1,,,,,-0.193,0.0,1.749,0.193,,4291,3841,149,151,-2,-5.0,,,,,,,,,,,
1790375288.612259,1,ENC,11189,1,,68,70,20,,,,,,,,,,,,,,,,,,,,,,
1790375288.621237,1,STR,11193,1,,,,,-0.179,0.0,1.81,0.179,,4291,3841,149,151,-2,-5.0,,,,,,,,,,,
1790375288.634936,1,WPI,11203,1,,,,,,,,,,4291,3841,,,,,,,11200,5,3419.23,3469.35,-50,-13926,40000,-41,100
1790375288.6398635,1,ENC,11216,1,,93,93,27,,,,,,,,,,,,,,,,,,,,,,
1790375288.6517358,1,STR,11222,1,,,,,-0.14,0.0,0.423,0.14,,4290,3842,149,151,-2,-5.0,,,,,,,,,,,
1790375288.659652,1,ENC,11236,1,,68,69,20,,,,,,,,,,,,,,,,,,,,,,
1790375288.6710882,1,STR,11240,1,,,,,-0.131,0.0,0.604,0.131,,4290,3842,149,151,-2,-5.0,,,,,,,,,,,
1790375288.6854603,1,WPI,11252,1,,,,,,,,,,4289,3843,,,,,,,11250,5,3419.832,3448.88,-29,-14332,40000,-43,100
1790375288.68987,1,ENC,11267,1,,106,107,31,,,,,,,,,,,,,,,,,,,,,,
1790375288.7000039,1,STR,11271,1,,,,,-0.12,0.0,1.87,0.12,,4289,3843,150,151,-1,-3.5,,,,,,,,,,,
1790375288.709557,1,ENC,11287,1,,68,69,20,,,,,,,,,,,,,,,,,,,,,,
1790375288.718491,1,STR,11291,1,,,,,-0.095,0.0,-0.482,0.095,,4288,3844,151,151,0,-0.5,,,,,,,,,,,
1790375288.7323184,1,WPI,11301,1,,,,,,,,,,4288,3844,,,,,,,11300,5,3406.62,3454.772,-48,-14737,40000,-44,100
1790375288.7357311,1,ENC,11315,1,,96,98,28,,,,,,,,,,,,,,,,,,,,,,
1790375288.741515,1,STR,11317,1,,,,,-0.078,0.0,1.267,0.078,,4288,3844,152,151,1,1.558,,,,,,,,,,,
1790375288.7573016,1,ENC,11335,1,,69,69,20,,,,,,,,,,,,,,,,,,,,,,
1790375288.7660444,1,STR,11339,1,,,,,-0.047,0.0,0.905,0.057,,4287,3845,152,151,1,0.98,,,,,,,,,,,
1790375288.7798662,1,WPI,11349,1,,,,,,,,,,4287,3845,,,,,,,11345,5,3413.164,3443.0,-29,-15115,40000,-45,100
1790375288.7840946,1,ENC,11362,1,,91,92,27,,,,,,,,,,,,,,,,,,,,,,
1790375288.794569,1,STR,11366,1,,,,,-0.023,0.0,1.327,0.023,,4287,3845,152,151,1,1.655,,,,,,,,,,,
1790375288.802954,1,ENC,11382,1,,69,70,20,,,,,,,,,,,,,,,,,,,,,,
1790375288.8142025,1,STR,11386,1,,,,,-0.033,0.0,-0.482,0.033,,4286,3846,150,151,-1,-1.24,,,,,,,,,,,
1790375288.8303485,1,WPI,11396,1,,,,,,,,,,4286,3846,,,,,,,11395,5,3416.581,3464.742,-48,-15528,40000,-46,100
1790375288.8350625,1,ENC,11413,1,,107,108,31,,,,,,,,,,,,,,,,,,,,,,
1790375288.8449829,1,STR,11417,1,,,,,-0.061,0.0,-0.844,0.061,,4285,3847,150,151,-1,-1.819,,,,,,,,,,,
1790375288.8548493,1,ENC,11433,1,,69,70,20,,,,,,,,,,,,,,,,,,,,,,
1790375288.8646786,1,STR,11437,1,,,,,-0.071,0.0,0.483,0.071,,4285,3847,151,151,0,0.304,,,,,,,,,,,
1790375288.8773444,1,WPI,11447,1,,,,,,,,,,4285,3847,,,,,,,11445,5,3456.209,3487.195,-30,-15894,40000,-47,100
1790375288.8835082,1,ENC,11462,1,,101,100,29,,,,,,,,,,,,,,,,,,,,,,
1790375288.8936777,1,STR,11466,1,,,,,-0.065,0.0,0.362,0.065,,4284,3848,151,151,0,0.111,,,,,,,,,,,
1790375288.9031892,1,ENC,11482,1,,69,70,20,,,,,,,,,,,,,,,,,,,,,,
1790375288.9137406,1,STR,11486,1,,,,,-0.07,0.0,-2.17,0.07,,4284,3848,150,151,-1,-2.889,,,,,,,,,,,
1790375288.9311445,1,WPI,11496,1,,,,,,,,,,4284,3848,,,,,,,11495,5,3458.446,3471.895,-13,-16066,40000,-48,100
1790375288.9364922,1,ENC,11515,1,,116,116,33,,,,,,,,,,,,,,,,,,,,,,
1790375288.9462512,1,STR,11519,1,,,,,-0.061,0.0,1.146,0.066,,4284,3848,151,151,0,-0.469,,,,,,,,,,,
1790375288.9560733,1,ENC,11535,1,,69,70,20,,,,,,,,,,,,,,,,,,,,,,
1790375288.965937,1,STR,11539,1,,,,,-0.03,0.0,2.714,0.049,,4284,3848,152,151,1,1.365,,,,,,,,,,,
1790375288.9796853,1,WPI,11549,1,,,,,,,,,,4284,3848,,,,,,,11545,5,3467.953,3487.01,-19,-16206,40000,-48,100
1790375288.985392,1,ENC,11564,1,,100,100,29,,,,,,,,,,,,,,,,,,,,,,
1790375288.9971464,1,STR,11568,1,,,,,0.036,0.0,2.775,-0.017,,4284,3848,152,151,1,1.365,,,,,,,,,,,
1790375289.005152,1,ENC,11584,1,,69,70,20,,,,,,,,,,,,,,,,,,,,,,
1790375289.0165937,1,STR,11588,1,,,,,0.078,0.0,0.0,-0.064,,4283,3849,155,151,4,3.971,,,,,,,,,,,
1790375289.030901,1,WPI,11600,1,,,,,,,,,,4283,3849,,,,,,,11600,5,3460.117,3477.418,-17,-16418,40000,-49,100
1790375289.035708,1,ENC,11615,1,,107,108,31,,,,,,,,,,,,,,,,,,,,,,
1790375289.0408094,1,STR,11619,1,,,,,0.084,0.0,-0.241,-0.083,,4283,3849,151,151,0,0.111,,,,,,,,,,,
1790375289.053462,1,ENC,11635,1,,70,70,20,,,,,,,,,,,,,,,,,,,,,,
1790375289.0633988,1,STR,11637,1,,,,,0.081,0.0,-0.241,-0.081,,4283,3849,151,151,0,-0.854,,,,,,,,,,,
1790375289.077322,1,WPI,11647,1,,,,,,,,,,4282,3850,,,,,,,11645,5,3448.486,3479.871,-31,-16672,40000,-50,100
1790375289.0820792,1,ENC,11662,1,,92,94,27,,,,,,,,,,,,,,,,,,,,,,
1790375289.092271,1,STR,11666,1,,,,,0.118,0.0,2.111,-0.118,,4282,3850,155,151,4,5.0,,,,,,,,,,,
1790375289.101776,1,ENC,11682,1,,69,68,20,,,,,,,,,,,,,,,,,,,,,,
1790375289.1122398,1,STR,11686,1,,,,,0.13,0.0,0.242,-0.13,,4282,3850,155,151,4,5.0,,,,,,,,,,,
1790375289.12858,1,WPI,11696,1,,,,,,,,,,4282,3850,,,,,,,11695,5,3450.328,3462.428,-12,-16860,40000,-50,100
1790375289.1349618,1,ENC,11715,1,,115,115,33,,,,,,,,,,,,,,,,,,,,,,
1790375289.1451528,1,STR,11719,1,,,,,0.124,0.0,1.026,-0.123,,4282,3850,155,151,4,5.0,,,,,,,,,,,
1790375289.1545594,1,ENC,11735,1,,68,69,20,,,,,,,,,,,,,,,,,,,,,,
1790375289.1643336,1,STR,11739,1,,,,,0.129,0.0,0.0,-0.129,,4281,3851,155,151,4,5.0,,,,,,,,,,,
1790375289.1771336,1,WPI,11749,1,,,,,,,,,,4281,3851,,,,,,,11745,5,3426.233,3458.096,-31,-17058,40000,-51,100
1790375289.1838956,1,ENC,11764,1,,98,100,29,,,,,,,,,,,,,,,,,,,,,,
1790375289.1955543,1,STR,11768,1,,,,,0.145,0.0,1.569,-0.129,,4281,3851,155,151,4,5.0,,,,,,,,,,,
1790375289.2036676,1,ENC,11784,1,,69,69,20,,,,,,,,,,,,,,,,,,,,,,
1790375289.2154295,1,STR,11788,1,,,,,0.161,0.0,0.664,-0.155,,4281,3851,155,151,4,5.0,,,,,,,,,,,
1790375289.2298157,1,WPI,11800,1,,,,,,,,,,4280,3852,,,,,,,11800,5,3431.337,3451.729,-20,-17367,40000,-52,100
1790375289.2359767,1,ENC,11817,1,,114,114,33,,,,,,,,,,,,,,,,,,,,,,
1790375289.2458177,1,STR,11821,1,,,,,0.146,0.0,-1.628,-0.146,,4280,3852,151,151,0,0.5,,,,,,,,,,,
1790375289.254717,1,ENC,11837,1,,68,69,20,,,,,,,,,,,,,,,,,,,,,,
1790375289.2644029,1,STR,11841,1,,,,,0.128,0.0,0.0,-0.128,,4280,3852,154,151,3,3.5,,,,,,,,,,,
1790375289.278176,1,WPI,11849,1,,,,,,,,,,4280,3852,,,,,,,11845,5,3441.735,3460.215,-18,-17582,40000,-52,100
1790375289.2832608,1,ENC,11864,1,,93,94,27,,,,,,,,,,,,,,,,,,,,,,
1790375289.2949896,1,STR,11868,1,,,,,0.111,0.0,0.362,-0.118,,4279,3853,153,151,2,2.0,,,,,,,,,,,
1790375289.301388,1,ENC,11884,1,,69,70,20,,,,,,,,,,,,,,,,,,,,,,
1790375289.3147163,1,STR,11888,1,,,,,0.11,0.0,-1.145,-0.114,,4279,3853,155,151,4,5.0,,,,,,,,,,,
1790375289.3288827,1,WPI,11900,1,,,,,,,,,,4279,3853,,,,,,,11900,5,3450.554,3466.393,-15,-17803,40000,-53,100
1790375289.333669,1,ENC,11915,1,,109,107,31,,,,,,,,,,,,,,,,,,,,,,
1790375289.3410301,1,STR,11919,1,,,,,0.086,0.0,-1.447,-0.093,,4279,3853,151,151,0,-0.373,,,,,,,,,,,
1790375289.3514297,1,ENC,11935,1,,70,70,20,,,,,,,,,,,,,,,,,,,,,,
1790375289.3573544,1,STR,11937,1,,,,,0.071,0.0,-1.447,-0.071,,4279,3853,150,151,-1,-2.688,,,,,,,,,,,
1790375289.371145,1,WPI,11943,1,,,,,,,,,,4279,3853,,,,,,,11940,5,3461.862,3454.896,6,-17832,40000,-53,100
1790375289.3765602,1,ENC,11958,1,,81,81,23,,,,,,,,,,,,,,,,,,,,,,
1790375289.3878038,1,STR,11962,1,,,,,0.068,0.0,0.845,-0.068,,4279,3853,152,151,1,0.978,,,,,,,,,,,
1790375289.3964229,1,ENC,11978,1,,69,69,20,,,,,,,,,,,,,,,,,,,,,,
1790375289.4079437,1,STR,11982,1,,,,,0.073,0.0,1.991,-0.073,,4279,3853,151,151,0,-0.32,,,,,,,,,,,
1790375289.4242506,1,WPI,11994,1,,,,,,,,,,4279,3853,,,,,,,11990,5,3473.667,3468.858,4,-17813,40000,-53,100
1790375289.4288278,1,ENC,12011,1,,113,113,33,,,,,,,,,,,,,,,,,,,,,,
1790375289.438767,1,STR,12015,1,,,,,0.13,0.0,1.749,-0.13,,4279,3853,155,151,4,5.0,,,,,,,,,,,
1790375289.448519,1,ENC,12031,1,,68,69,20,,,,,,,,,,,,,,,,,,,,,,
1790375289.4572706,1,STR,12035,1,,,,,0.164,0.0,0.543,-0.164,,4279,3853,155,151,4,5.0,,,,,,,,,,,
1790375289.4710503,1,WPI,12045,1,,,,,,,,,,4279,3853,,,,,,,12045,5,3463.249,3473.951,-10,-17857,40000,-53,100
1790375289.4774692,1,ENC,12060,1,,101,101,29,,,,,,,,,,,,,,,,,,,,,,
1790375289.4891171,1,STR,12064,1,,,,,0.161,0.0,-0.241,-0.161,,4279,3853,155,151,4,5.0,,,,,,,,,,,
1790375289.497131,1,ENC,12080,1,,69,70,20,,,,,,,,,,,,,,,,,,,,,,
1790375289.5077813,1,STR,12084,1,,,,,0.153,0.0,-1.025,-0.153,,4279,3853,155,151,4,5.0,,,,,,,,,,,
1790375289.5238278,1,WPI,12096,1,,,,,,,,,,4278,3854,,,,,,,12095,5,3452.203,3465.286,-13,-18028,40000,-54,100
1790375289.5300925,1,ENC,12113,1,,113,114,33,,,,,,,,,,,,,,,,,,,,,,
1790375289.5399415,1,STR,12117,1,,,,,0.145,0.0,0.0,-0.145,,4278,3854,155,151,4,5.0,,,,,,,,,,,
1790375289.5497942,1,ENC,12133,1,,69,69,20,,,,,,,,,,,,,,,,,,,,,,
1790375289.5595772,1,STR,12137,1,,,,,0.145,0.0,0.0,-0.145,,4278,3854,155,151,4,5.0,,,,,,,,,,,
1790375289.572172,1,WPI,12147,1,,,,,,,,,,4278,3854,,,,,,,12145,5,3444.661,3457.238,-12,-18229,40000,-54,100
1790375289.5766635,1,ENC,12160,1,,93,94,27,,,,,,,,,,,,,,,,,,,,,,
1790375289.588365,1,STR,12164,1,,,,,0.132,0.0,-1.447,-0.132,,4278,3854,154,151,3,3.5,,,,,,,,,,,
1790375289.5965421,1,ENC,12180,1,,68,69,20,,,,,,,,,,,,,,,,,,,,,,
1790375289.6071646,1,STR,12184,1,,,,,0.133,0.0,0.543,-0.133,,4277,3855,155,151,4,5.0,,,,,,,,,,,
1790375289.624232,1,WPI,12196,1,,,,,,,,,,4277,3855,,,,,,,12195,5,3429.705,3457.597,-27,-18470,40000,-55,100
1790375289.6295207,1,ENC,12213,1,,112,113,33,,,,,,,,,,,,,,,,,,,,,,
1790375289.6386328,1,STR,12217,1,,,,,0.125,0.0,1.146,-0.125,,4277,3855,155,151,4,5.0,,,,,,,,,,,
1790375289.6472363,1,ENC,12233,1,,69,69,20,,,,,,,,,,,,,,,,,,,,,,
1790375289.653187,1,STR,12235,1,,,,,0.142,0.0,0.724,-0.142,,4276,3856,155,151,4,5.0,,,,,,,,,,,
1790375289.6644654,1,WPI,12241,1,,,,,,,,,,4276,3856,,,,,,,12240,5,3428.557,3449.717,-21,-18734,40000,-56,100
1790375289.668982,1,ENC,12253,1,,68,68,20,,,,,,,,,,,,,,,,,,,,,,
1790375289.678822,1,STR,12257,1,,,,,0.154,0.0,0.0,-0.154,,4276,3856,155,151,4,5.0,,,,,,,,,,,
1790375289.6888564,1,ENC,12273,1,,69,69,20,,,,,,,,,,,,,,,,,,,,,,
1790375289.6991782,1,STR,12277,1,,,,,0.147,0.0,-1.447,-0.147,,4276,3856,153,151,2,2.0,,,,,,,,,,,
1790375289.7129674,1,WPI,12287,1,,,,,,,,,,4276,3856,,,,,,,12285,5,3428.64,3450.032,-21,-18927,40000,-56,100
1790375289.7175562,1,ENC,12302,1,,99,101,29,,,,,,,,,,,,,,,,,,,,,,
1790375289.728291,1,STR,12306,1,,,,,0.112,0.0,-1.809,-0.112,,4275,3857,151,151,0,-1.0,,,,,,,,,,,
1790375289.7373822,1,ENC,12322,1,,69,69,20,,,,,,,,,,,,,,,,,,,,,,
1790375289.7474787,1,STR,12326,1,,,,,0.085,0.0,0.0,-0.085,,4275,3857,151,151,0,-0.242,,,,,,,,,,,
1790375289.7639694,1,WPI,12336,1,,,,,,,,,,4275,3857,,,,,,,12335,5,3434.032,3454.087,-20,-19137,40000,-57,100
1790375289.7687416,1,ENC,12353,1,,108,108,31,,,,,,,,,,,,,,,,,,,,,,
1790375289.7786844,1,STR,12357,1,,,,,0.075,0.0,-0.422,-0.075,,4275,3857,151,151,0,-0.916,,,,,,,,,,,
1790375289.7881958,1,ENC,12373,1,,69,68,20,,,,,,,,,,,,,,,,,,,,,,
1790375289.7980664,1,STR,12377,1,,,,,0.054,0.0,-1.266,-0.054,,4275,3857,150,151,-1,-2.267,,,,,,,,,,,
1790375289.810598,1,WPI,12387,1,,,,,,,,,,4275,3857,,,,,,,12385,5,3463.082,3459.164,3,-19177,40000,-57,100
1790375289.8150847,1,ENC,12400,1,,95,94,27,,,,,,,,,,,,,,,,,,,,,,
1790375289.8253074,1,STR,12404,1,,,,,0.007,0.0,0.0,-0.007,,4275,3857,150,151,-1,-2.021,,,,,,,,,,,
1790375289.8350003,1,ENC,12420,1,,69,70,20,,,,,,,,,,,,,,,,,,,,,,
1790375289.8455195,1,STR,12424,1,,,,,-0.008,0.0,-1.025,0.008,,4275,3857,150,151,-1,-1.881,,,,,,,,,,,
1790375289.8614705,1,WPI,12436,1,,,,,,,,,,4275,3857,,,,,,,12435,5,3474.137,3463.674,10,-19048,40000,-57,100
1790375289.8678384,1,ENC,12453,1,,114,113,33,,,,,,,,,,,,,,,,,,,,,,
1790375289.877784,1,STR,12457,1,,,,,0.018,0.0,1.569,-0.018,,4275,3857,153,151,2,2.268,,,,,,,,,,,
1790375289.8875325,1,ENC,12473,1,,69,69,20,,,,,,,,,,,,,,,,,,,,,,
1790375289.8975215,1,STR,12477,1,,,,,0.05,0.0,1.629,-0.05,,4275,3857,153,151,2,2.364,,,,,,,,,,,
1790375289.9102857,1,WPI,12487,1,,,,,,,,,,4275,3857,,,,,,,12485,5,3455.375,3461.978,-6,-19074,40000,-57,100
1790375289.9161696,1,ENC,12502,1,,99,101,29,,,,,,,,,,,,,,,,,,,,,,
1790375289.9266331,1,STR,12506,1,,,,,0.076,0.0,-0.422,-0.076,,4275,3857,151,151,0,-0.916,,,,,,,,,,,
1790375289.9360435,1,ENC,12522,1,,69,70,20,,,,,,,,,,,,,,,,,,,,,,
1790375289.9419458,1,STR,12526,1,,,,,0.081,0.0,0.0,-0.081,,4275,3857,151,151,0,-0.242,,,,,,,,,,,
1790375289.949654,1,WPI,12532,1,,,,,,,,,,4275,3857,,,,,,,12530,5,3434.877,3481.242,-46,-19274,40000,-57,100
1790375289.954043,1,ENC,12542,1,,69,70,20,,,,,,,,,,,,,,,,,,,,,,
1790375289.9624689,1,STR,12544,1,,,,,0.083,0.0,0.242,-0.083,,4274,3858,151,151,0,0.145,,,,,,,,,,,
1790375289.9747949,1,ENC,12562,1,,68,69,20,,,,,,,,,,,,,,,,,,,,,,
1790375289.9860466,1,STR,12566,1,,,,,0.096,0.0,0.785,-0.096,,4274,3858,152,151,1,1.014,,,,,,,,,,,
1790375290.0021122,1,WPI,12576,1,,,,,,,,,,4274,3858,,,,,,,12575,5,3435.692,3474.385,-38,-19546,40000,-58,100
1790375290.006883,1,ENC,12593,1,,107,107,31,,,,,,,,,,,,,,,,,,,,,,
1790375290.0165422,1,STR,12597,1,,,,,0.099,0.0,0.0,-0.099,,4274,3858,151,151,0,-0.242,,,,,,,,,,,
1790375290.0265708,1,ENC,12613,1,,69,68,20,,,,,,,,,,,,,,,,,,,,,,
1790375290.0366275,1,STR,12617,1,,,,,0.081,0.0,-1.205,-0.081,,4273,3859,150,151,-1,-2.171,,,,,,,,,,,
1790375290.0504224,1,WPI,12627,1,,,,,,,,,,4273,3859,,,,,,,12625,5,3436.14,3454.994,-18,-19739,40000,-59,100
1790375290.0551775,1,ENC,12642,1,,98,101,29,,,,,,,,,,,,,,,,,,,,,,
1790375290.065538,1,STR,12646,1,,,,,0.07,0.0,-0.361,-0.07,,4273,3859,151,151,0,-0.82,,,,,,,,,,,
1790375290.0750315,1,ENC,12662,1,,69,69,20,,,,,,,,,,,,,,,,,,,,,,
1790375290.0853848,1,STR,12666,1,,,,,0.046,0.0,-1.447,-0.046,,4272,3860,150,151,-1,-2.556,,,,,,,,,,,
1790375290.1014729,1,WPI,12676,1,,,,,,,,,,4272,3860,,,,,,,12675,5,3415.062,3460.285,-45,-20069,40000,-60,100
1790375290.106374,1,ENC,12693,1,,106,106,31,,,,,,,,,,,,,,,,,,,,,,
1790375290.1160998,1,STR,12697,1,,,,,0.046,0.0,0.0,-0.046,,4272,3860,151,151,0,-0.242,,,,,,,,,,,
1790375290.1258316,1,ENC,12713,1,,68,69,20,,,,,,,,,,,,,,,,,,,,,,
1790375290.1357782,1,STR,12717,1,,,,,0.043,0.0,-1.809,-0.043,,4272,3860,150,151,-1,-2.179,,,,,,,,,,,
1790375290.1484916,1,WPI,12727,1,,,,,,,,,,4272,3860,,,,,,,12725,5,3416.07,3436.903,-20,-20307,40000,-60,100
1790375290.1544528,1,ENC,12742,1,,99,100,29,,,,,,,,,,,,,,,,,,,,,,
1790375290.1652565,1,STR,12746,1,,,,,-0.011,0.0,-1.205,0.011,,4271,3861,150,151,-1,-2.171,,,,,,,,,,,
1790375290.1744325,1,ENC,12762,1,,69,70,20,,,,,,,,,,,,,,,,,,,,,,
1790375290.1851609,1,STR,12766,1,,,,,-0.04,0.0,-2.231,0.04,,4271,3861,149,151,-2,-3.811,,,,,,,,,,,
1790375290.2022932,1,WPI,12778,1,,,,,,,,,,4271,3861,,,,,,,12775,5,3430.552,3445.862,-15,-20557,40000,-61,100
1790375290.2074666,1,ENC,12795,1,,115,114,33,,,,,,,,,,,,,,,,,,,,,,
1790375290.2175748,1,STR,12799,1,,,,,-0.089,0.0,-1.326,0.075,,4271,3861,150,151,-1,-2.364,,,,,,,,,,,
1790375290.227169,1,ENC,12815,1,,69,69,20,,,,,,,,,,,,,,,,,,,,,,
1790375290.2343721,1,STR,12819,1,,,,,-0.106,0.0,-1.628,0.097,,4270,3862,151,151,0,-0.723,,,,,,,,,,,
1790375290.2420654,1,WPI,12826,1,,,,,,,,,,4271,3861,,,,,,,12825,5,3453.884,3437.924,15,-20666,40000,-61,100
1790375290.2451842,1,ENC,12835,1,,70,68,20,,,,,,,,,,,,,,,,,,,,,,
1790375290.2513356,1,STR,12837,1,,,,,-0.123,0.0,-1.628,0.123,,4271,3861,149,151,-2,-5.0,,,,,,,,,,,
1790375290.2668471,1,ENC,12855,1,,69,69,20,,,,,,,,,,,,,,,,,,,,,,
1790375290.2767978,1,STR,12859,1,,,,,-0.165,0.0,0.0,0.156,,4271,3861,149,151,-2,-5.456,,,,,,,,,,,
1790375290.290479,1,WPI,12869,1,,,,,,,,,,4271,3861,,,,,,,12865,5,3447.819,3442.048,5,-20568,40000,-61,100
1790375290.2960312,1,ENC,12884,1,,99,100,29,,,,,,,,,,,,,,,,,,,,,,
1790375290.3079863,1,STR,12888,1,,,,,-0.189,0.0,1.629,0.189,,4271,3861,149,151,-2,-5.901,,,,,,,,,,,
1790375290.3159544,1,ENC,12904,1,,69,69,20,,,,,,,,,,,,,,,,,,,,,,
1790375290.3278198,1,STR,12908,1,,,,,-0.155,0.0,1.689,0.172,,4271,3861,149,151,-2,-5.0,,,,,,,,,,,
1790375290.3421247,1,WPI,12920,1,,,,,,,,,,4271,3861,,,,,,,12920,5,3466.576,3445.671,20,-20525,40000,-61,100
1790375290.348219,1,ENC,12937,1,,114,113,33,,,,,,,,,,,,,,,,,,,,,,
1790375290.3582232,1,STR,12941,1,,,,,-0.116,0.0,0.664,0.116,,4271,3861,149,151,-2,-5.0,,,,,,,,,,,
1790375290.3669205,1,ENC,12957,1,,68,69,20,,,,,,,,,,,,,,,,,,,,,,
1790375290.3779335,1,STR,12961,1,,,,,-0.124,0.0,-0.783,0.124,,4271,3861,149,151,-2,-5.0,,,,,,,,,,,
1790375290.390678,1,WPI,12971,1,,,,,,,,,,4271,3861,,,,,,,12970,5,3440.176,3457.932,-17,-20542,40000,-61,100
1790375290.3975594,1,ENC,12986,1,,100,101,29,,,,,,,,,,,,,,,,,,,,,,
1790375290.4091985,1,STR,12992,1,,,,,-0.141,0.0,-0.844,0.141,,4271,3861,149,151,-2,-5.0,,,,,,,,,,,
1790375290.4172392,1,ENC,13006,1,,69,69,20,,,,,,,,,,,,,,,,,,,,,,
1790375290.42868,1,STR,13010,1,,,,,-0.137,0.0,0.0,0.137,,4271,3861,149,151,-2,-5.0,,,,,,,,,,,
1790375290.442949,1,WPI,13022,1,,,,,,,,,,4271,3861,,,,,,,13020,5,3438.48,3444.084,-5,-20660,40000,-61,100
1790375290.4474723,1,ENC,13037,1,,106,106,31,,,,,,,,,,,,,,,,,,,,,,
1790375290.457565,1,STR,13041,1,,,,,-0.147,0.0,-0.663,0.147,,4270,3862,149,151,-2,-5.0,,,,,,,,,,,
1790375290.4671333,1,ENC,13057,1,,69,69,20,,,,,,,,,,,,,,,,,,,,,,
1790375290.477144,1,STR,13061,1,,,,,-0.165,0.0,-0.904,0.165,,4270,3862,149,151,-2,-5.0,,,,,,,,,,,
1790375290.4898896,1,WPI,13071,1,,,,,,,,,,4270,3862,,,,,,,13070,5,3425.099,3444.508,-19,-20717,40000,-62,100
1790375290.4968452,1,ENC,13086,1,,99,100,29,,,,,,,,,,,,,,,,,,,,,,
1790375290.5084517,1,STR,13092,1,,,,,-0.172,0.0,-0.964,0.172,,4270,3862,149,151,-2,-5.0,,,,,,,,,,,
1790375290.5167577,1,ENC,13106,1,,68,69,20,,,,,,,,,,,,,,,,,,,,,,
1790375290.5278044,1,STR,13112,1,,,,,-0.186,0.0,0.0,0.186,,4270,3862,149,151,-2,-5.0,,,,,,,,,,,
1790375290.5353968,1,WPI,13122,1,,,,,,,,,,4270,3862,,,,,,,13120,5,3409.677,3443.952,-34,-20963,40000,-62,100
1790375290.537988,1,ENC,13130,1,,82,83,24,,,,,,,,,,,,,,,,,,,,,,
1790375290.5432403,1,STR,13132,1,,,,,-0.183,0.0,0.242,0.183,,4269,3863,149,151,-2,-5.0,,,,,,,,,,,
1790375290.559735,1,ENC,13150,1,,69,68,20,,,,,,,,,,,,,,,,,,,,,,
1790375290.5703511,1,STR,13154,1,,,,,-0.17,0.0,0.785,0.17,,4269,3863,149,151,-2,-5.0,,,,,,,,,,,
1790375290.5874913,1,WPI,13166,1,,,,,,,,,,4269,3863,,,,,,,13165,5,3414.367,3433.666,-19,-21109,40000,-63,100
1790375290.5926116,1,ENC,13183,1,,111,113,33,,,,,,,,,,,,,,,,,,,,,,
1790375290.6027102,1,STR,13187,1,,,,,-0.173,0.0,-1.326,0.173,,4269,3863,149,151,-2,-5.31,,,,,,,,,,,
1790375290.612299,1,ENC,13203,1,,69,69,20,,,,,,,,,,,,,,,,,,,,,,
1790375290.6222627,1,STR,13207,1,,,,,-0.188,0.0,-1.628,0.188,,4269,3863,149,151,-2,-6.04,,,,,,,,,,,
1790375290.6350224,1,WPI,13217,1,,,,,,,,,,4268,3864,,,,,,,13215,5,3416.829,3455.085,-38,-21315,40000,-64,100
1790375290.6410823,1,ENC,13232,1,,100,101,29,,,,,,,,,,,,,,,,,,,,,,
1790375290.651707,1,STR,13236,1,,,,,-0.213,0.0,0.0,0.213,,4268,3864,149,151,-2,-5.0,,,,,,,,,,,
1790375290.6607652,1,ENC,13252,1,,69,69,20,,,,,,,,,,,,,,,,,,,,,,
1790375290.671408,1,STR,13256,1,,,,,-0.214,0.0,-0.241,0.214,,4268,3864,149,151,-2,-5.0,,,,,,,,,,,
1790375290.6873796,1,WPI,13266,1,,,,,,,,,,4328,3930,,,,,,,13265,5,3459.468,3442.986,16,-21458,40000,-62,98
1790375290.6918845,1,ENC,13283,1,,108,106,31,,,,,,,,,,,,,,,,,,,,,,
1790375290.7021859,1,STR,13287,1,,,,,-0.226,0.0,-1.809,0.226,,4474,4097,148,151,-3,-6.993,,,,,,,,,,,
1790375290.7115865,1,ENC,13303,1,,69,69,20,,,,,,,,,,,,,,,,,,,,,,
1790375290.7216315,1,STR,13307,1,,,,,-0.252,0.0,0.242,0.252,,4621,4264,149,151,-2,-5.0,,,,,,,,,,,
1790375290.7342186,1,WPI,13317,1,,,,,,,,,,4679,4331,,,,,,,13315,5,3430.043,3439.447,-9,-21402,40000,-55,86
1790375290.7402062,1,ENC,13332,1,,96,98,29,,,,,,,,,,,,,,,,,,,,,,
1790375290.7507312,1,STR,13336,1,,,,,-0.25,0.0,0.302,0.25,,4826,4497,149,151,-2,-5.0,,,,,,,,,,,
1790375290.7600696,1,ENC,13352,1,,64,66,20,,,,,,,,,,,,,,,,,,,,,,
1790375290.770695,1,STR,13356,1,,,,,-0.24,0.0,1.086,0.24,,4973,4664,149,151,-2,-5.0,,,,,,,,,,,
1790375290.7867866,1,WPI,13366,1,,,,,,,,,,5030,4732,,,,,,,13365,5,3286.703,3362.753,-76,-21732,40000,-48,74
1790375290.7932477,1,ENC,13385,1,,103,107,33,,,,,,,,,,,,,,,,,,,,,,
1790375290.8032925,1,STR,13389,1,,,,,-0.125,0.0,3.74,0.168,,5176,4899,150,151,-1,-2.0,,,,,,,,,,,
1790375290.812918,1,ENC,13405,1,,59,60,20,,,,,,,,,,,,,,,,,,,,,,
1790375290.8228018,1,STR,13409,1,,,,,-0.059,0.0,1.87,0.087,,5293,5033,155,151,4,4.0,,,,,,,,,,,
1790375290.8301082,1,WPI,13419,1,,,,,,,,,,5351,5100,,,,,,,13415,5,3088.311,3162.64,-74,-22545,40000,-42,63
1790375290.8332162,1,ENC,13427,1,,61,63,22,,,,,,,,,,,,,,,,,,,,,,
1790375290.8384147,1,STR,13429,1,,,,,-0.014,0.0,3.317,0.04,,5410,5167,153,151,2,2.443,,,,,,,,,,,
1790375290.8545053,1,ENC,13447,1,,53,56,20,,,,,,,,,,,,,,,,,,,,,,
1790375290.8643408,1,STR,13451,1,,,,,0.038,0.0,2.413,-0.038,,5556,5334,154,151,3,3.311,,,,,,,,,,,
1790375290.876704,1,WPI,13461,1,,,,,,,,,,5614,5401,,,,,,,13460,5,2837.975,2914.754,-76,-23316,40000,-37,54
1790375290.8818324,1,ENC,13474,1,,68,70,27,,,,,,,,,,,,,,,,,,,,,,
1790375290.8933756,1,STR,13478,1,,,,,0.09,0.0,2.654,-0.064,,5702,5501,154,151,3,3.311,,,,,,,,,,,
1790375290.9017067,1,ENC,13494,1,,47,48,20,,,,,,,,,,,,,,,,,,,,,,
1790375290.9133148,1,STR,13498,1,,,,,0.131,0.0,1.689,-0.113,,5789,5602,155,151,4,5.0,,,,,,,,,,,
1790375290.9278314,1,WPI,13510,1,,,,,,,,,,5877,5702,,,,,,,13510,5,2516.314,2591.708,-75,-24124,40000,-32,45
1790375290.9338565,1,ENC,13527,1,,72,74,33,,,,,,,,,,,,,,,,,,,,,,
1790375290.9438035,1,STR,13531,1,,,,,0.191,0.0,2.292,-0.191,,5965,5802,157,151,6,6.193,,,,,,,,,,,
1790375290.9537115,1,ENC,13547,1,,40,41,20,,,,,,,,,,,,,,,,,,,,,,
1790375290.962616,1,STR,13551,1,,,,,0.22,0.0,1.448,-0.22,,6053,5902,156,151,5,5.318,,,,,,,,,,,
1790375290.9761057,1,WPI,13561,1,,,,,,,,,,6082,5936,,,,,,,13560,5,2182.894,2248.412,-65,-24819,40000,-28,38
1790375290.9811578,1,ENC,13574,1,,49,50,27,,,,,,,,,,,,,,,,,,,,,,
1790375290.9930174,1,STR,13578,1,,,,,0.255,0.0,2.714,-0.242,,6140,6003,155,151,4,5.0,,,,,,,,,,,
1790375291.0009873,1,ENC,13594,1,,34,34,20,,,,,,,,,,,,,,,,,,,,,,
1790375291.012704,1,STR,13598,1,,,,,0.301,0.0,0.965,-0.282,,6200,6069,158,151,7,8.377,,,,,,,,,,,
1790375291.0270922,1,WPI,13610,1,,,,,,,,,,6258,6136,,,,,,,13610,5,1861.544,1898.196,-36,-25303,40000,-24,32
1790375291.0321686,1,ENC,13627,1,,49,52,33,,,,,,,,,,,,,,,,,,,,,,
1790375291.04205,1,STR,13631,1,,,,,0.329,0.0,1.81,-0.329,,6317,6202,157,151,6,6.798,,,,,,,,,,,
1790375291.053086,1,ENC,13647,1,,28,28,20,,,,,,,,,,,,,,,,,,,,,,
1790375291.0629663,1,STR,13651,1,,,,,0.356,0.0,0.0,-0.356,,6376,6269,157,151,6,6.506,,,,,,,,,,,
1790375291.0756445,1,WPI,13661,1,,,,,,,,,,6405,6302,,,,,,,13660,5,1539.082,1590.087,-51,-25754,40000,-20,27
1790375291.0804663,1,ENC,13674,1,,33,34,27,,,,,,,,,,,,,,,,,,,,,,
1790375291.0921288,1,STR,13678,1,,,,,0.385,0.0,1.026,-0.374,,6434,6336,158,151,7,7.508,,,,,,,,,,,
1790375291.1003366,1,ENC,13694,1,,23,23,20,,,,,,,,,,,,,,,,,,,,,,
1790375291.1120775,1,STR,13698,1,,,,,0.399,0.0,-0.241,-0.395,,6493,6402,158,151,7,7.585,,,,,,,,,,,
1790375291.1241322,1,WPI,13710,1,,,,,,,,,,6523,6435,,,,,,,13710,5,1281.427,1302.025,-20,-26054,40000,-17,23
1790375291.1271334,1,ENC,13723,1,,30,31,29,,,,,,,,,,,,,,,,,,,,,,
1790375291.1327899,1,STR,13725,1,,,,,0.407,0.0,0.604,-0.407,,6552,6469,157,151,6,7.134,,,,,,,,,,,
1790375291.1484754,1,ENC,13743,1,,18,18,20,,,,,,,,,,,,,,,,,,,,,,
1790375291.1582458,1,STR,13747,1,,,,,0.419,0.0,0.302,-0.419,,6611,6535,157,151,6,6.865,,,,,,,,,,,
1790375291.1709018,1,WPI,13757,1,,,,,,,,,,6611,6535,,,,,,,13755,5,1073.726,1078.869,-5,-26203,40000,-15,20
1790375291.1753383,1,ENC,13770,1,,23,23,27,,,,,,,,,,,,,,,,,,,,,,
1790375291.1859756,1,STR,13774,1,,,,,0.419,0.0,0.302,-0.419,,6611,6535,157,151,6,6.897,,,,,,,,,,,
1790375291.1951995,1,ENC,13790,1,,16,15,20,,,,,,,,,,,,,,,,,,,,,,
1790375291.205935,1,STR,13794,1,,,,,0.422,0.0,-0.241,-0.422,,6611,6535,156,151,5,6.107,,,,,,,,,,,
1790375291.2212672,1,WPI,13806,1,,,,,,,,,,6641,6568,,,,,,,13805,5,890.507,887.408,3,-26284,40000,-14,19
1790375291.2247806,1,ENC,13821,1,,21,22,31,,,,,,,,,,,,,,,,,,,,,,
1790375291.2344637,1,STR,13825,1,,,,,0.422,0.0,0.0,-0.422,,6641,6568,157,151,6,6.536,,,,,,,,,,,
1790375291.2458053,1,ENC,13841,1,,14,12,20,,,,,,,,,,,,,,,,,,,,,,
1790375291.2543268,1,STR,13845,1,,,,,0.422,0.0,0.0,-0.422,,6641,6568,157,151,6,6.562,,,,,,,,,,,
1790375291.267997,1,WPI,13853,1,,,,,,,,,,6641,6568,,,,,,,13850,5,745.885,744.88,1,-26266,40000,-14,19
1790375291.2731626,1,ENC,13868,1,,17,17,27,,,,,,,,,,,,,,,,,,,,,,
1790375291.2845752,1,STR,13872,1,,,,,0.422,0.0,0.0,-0.422,,6641,6568,157,151,6,6.593,,,,,,,,,,,
1790375291.2932303,1,ENC,13888,1,,12,11,20,,,,,,,,,,,,,,,,,,,,,,
1790375291.3044147,1,STR,13892,1,,,,,0.425,0.0,0.664,-0.425,,6641,6568,158,151,7,7.734,,,,,,,,,,,
1790375291.318979,1,WPI,13904,1,,,,,,,,,,6641,6568,,,,,,,13900,5,646.622,611.36,35,-26013,40000,-14,19
1790375291.325342,1,ENC,13921,1,,18,16,33,,,,,,,,,,,,,,,,,,,,,,
1790375291.3340144,1,STR,13925,1,,,,,0.429,0.0,0.0,-0.429,,6670,6601,157,151,6,6.77,,,,,,,,,,,
1790375291.3438263,1,ENC,13941,1,,11,9,20,,,,,,,,,,,,,,,,,,,,,,
1790375291.3537066,1,STR,13945,1,,,,,0.424,0.0,-0.301,-0.424,,6670,6601,157,151,6,6.242,,,,,,,,,,,
1790375291.3674548,1,WPI,13955,1,,,,,,,,,,6670,6601,,,,,,,13955,5,577.607,530.025,47,-25539,40000,-13,18
1790375291.3724663,1,ENC,13968,1,,12,13,27,,,,,,,,,,,,,,,,,,,,,,
1790375291.3841436,1,STR,13972,1,,,,,0.403,0.0,-0.301,-0.403,,6670,6601,156,151,5,5.935,,,,,,,,,,,
1790375291.3924375,1,ENC,13988,1,,9,9,20,,,,,,,,,,,,,,,,,,,,,,
1790375291.4041734,1,STR,13994,1,,,,,0.396,0.0,-0.361,-0.396,,6670,6601,156,151,5,5.752,,,,,,,,,,,
1790375291.4189684,1,WPI,14004,1,,,,,,,,,,6670,6601,,,,,,,14000,5,488.589,496.315,-7,-25390,40000,-13,18
1790375291.4218228,1,ENC,14020,1,,14,14,32,,,,,,,,,,,,,,,,,,,,,,
1790375291.4266918,1,STR,14022,1,,,,,0.399,0.0,0.0,-0.399,,6670,6601,157,151,6,6.414,,,,,,,,,,,
1790375291.4431803,1,ENC,14040,1,,9,9,20,,,,,,,,,,,,,,,,,,,,,,
1790375291.4537003,1,STR,14044,1,,,,,0.398,0.0,-0.241,-0.398,,6670,6601,156,151,5,6.034,,,,,,,,,,,
1790375291.469486,1,WPI,14054,1,,,,,,,,,,6670,6601,,,,,,,14050,5,455.055,452.16,2,-25302,40000,-13,18
1790375291.4729967,1,ENC,14071,1,,13,12,31,,,,,,,,,,,,,,,,,,,,,,
1790375291.4841173,1,STR,14075,1,,,,,0.39,0.0,-0.301,-0.39,,6670,6601,156,151,5,5.849,,,,,,,,,,,
1790375291.4927075,1,ENC,14091,1,,9,9,20,,,,,,,,,,,,,,,,,,,,,,
1790375291.5026305,1,STR,14095,1,,,,,0.381,0.0,-0.422,-0.381,,6700,6634,156,151,5,5.544,,,,,,,,,,,
1790375291.5162022,1,WPI,14105,1,,,,,,,,,,6700,6634,,,,,,,14105,5,427.078,436.464,-9,-25185,40000,-12,17
1790375291.521374,1,ENC,14118,1,,10,11,27,,,,,,,,,,,,,,,,,,,,,,
1790375291.5331218,1,STR,14122,1,,,,,0.374,0.0,0.242,-0.374,,6700,6634,157,151,6,6.513,,,,,,,,,,,
1790375291.5411649,1,ENC,14138,1,,8,8,20,,,,,,,,,,,,,,,,,,,,,,
1790375291.5527537,1,STR,14142,1,,,,,0.376,0.0,-0.241,-0.376,,6700,6634,156,151,5,5.802,,,,,,,,,,,
1790375291.5671139,1,WPI,14154,1,,,,,,,,,,6700,6634,,,,,,,14150,5,399.065,401.804,-2,-25248,40000,-12,17
1790375291.571247,1,ENC,14169,1,,11,11,31,,,,,,,,,,,,,,,,,,,,,,
1790375291.5801346,1,STR,14173,1,,,,,0.366,0.0,0.242,-0.366,,6700,6634,157,151,6,6.434,,,,,,,,,,,
1790375291.5900471,1,ENC,14189,1,,8,8,20,,,,,,,,,,,,,,,,,,,,,,
1790375291.5999458,1,STR,14193,1,,,,,0.369,0.0,0.0,-0.369,,6700,6634,156,151,5,6.127,,,,,,,,,,,
1790375291.6134396,1,WPI,14203,1,,,,,,,,,,6700,6634,,,,,,,14200,5,389.376,389.406,0,-25274,40000,-12,17
1790375291.6186588,1,ENC,14216,1,,10,10,27,,,,,,,,,,,,,,,,,,,,,,
1790375291.6302736,1,STR,14220,1,,,,,0.368,0.0,-0.241,-0.368,,6700,6634,156,151,5,5.756,,,,,,,,,,,
1790375291.6383777,1,ENC,14236,1,,8,7,20,,,,,,,,,,,,,,,,,,,,,,
1790375291.649933,1,STR,14240,1,,,,,0.37,0.0,0.242,-0.37,,6700,6634,157,151,6,6.589,,,,,,,,,,,
1790375291.6641645,1,WPI,14252,1,,,,,,,,,,6700,6634,,,,,,,14250,5,368.086,369.6,-1,-25258,40000,-12,17
1790375291.6675792,1,ENC,14267,1,,10,11,31,,,,,,,,,,,,,,,,,,,,,,
1790375291.6774175,1,STR,14271,1,,,,,0.358,0.0,0.423,-0.358,,6700,6634,157,151,6,6.5,,,,,,,,,,,
1790375291.687264,1,ENC,14287,1,,7,7,20,,,,,,,,,,,,,,,,,,,,,,
1790375291.6971023,1,STR,14291,1,,,,,0.36,0.0,0.0,-0.36,,6729,6668,156,151,5,6.093,,,,,,,,,,,
1790375291.7105,1,WPI,14299,1,,,,,,,,,,6729,6668,,,,,,,14295,5,344.36,358.16,-13,-25333,40000,-12,16
1790375291.7140737,1,ENC,14314,1,,9,9,27,,,,,,,,,,,,,,,,,,,,,,
1790375291.7229903,1,STR,14318,1,,,,,0.371,0.0,0.543,-0.366,,6729,6668,157,151,6,7.081,,,,,,,,,,,
1790375291.7331564,1,ENC,14334,1,,7,7,20,,,,,,,,,,,,,,,,,,,,,,
1790375291.7396228,1,STR,14336,1,,,,,0.374,0.0,0.0,-0.374,,6729,6668,157,151,6,6.365,,,,,,,,,,,
1790375291.7535706,1,WPI,14342,1,,,,,,,,,,6729,6668,,,,,,,14340,5,350.087,341.084,9,-25361,40000,-12,16
1790375291.7567723,1,ENC,14357,1,,8,7,23,,,,,,,,,,,,,,,,,,,,,,
1790375291.7665532,1,STR,14361,1,,,,,0.374,0.0,0.0,-0.374,,6729,6668,157,151,6,6.393,,,,,,,,,,,
1790375291.7766309,1,ENC,14377,1,,6,7,20,,,,,,,,,,,,,,,,,,,,,,
1790375291.7864592,1,STR,14381,1,,,,,0.374,0.0,0.0,-0.374,,6729,6668,157,151,6,6.415,,,,,,,,,,,
1790375291.7998524,1,WPI,14389,1,,,,,,,,,,6729,6668,,,,,,,14385,5,341.403,336.736,4,-25320,40000,-12,16
1790375291.803432,1,ENC,14404,1,,9,9,27,,,,,,,,,,,,,,,,,,,,,,
1790375291.8153365,1,STR,14408,1,,,,,0.374,0.0,0.0,-0.374,,6729,6668,157,151,6,6.443,,,,,,,,,,,
1790375291.8232827,1,ENC,14424,1,,7,6,20,,,,,,,,,,,,,,,,,,,,,,
1790375291.835225,1,STR,14428,1,,,,,0.374,0.0,0.0,-0.374,,6729,6668,157,151,6,6.466,,,,,,,,,,,
1790375291.8502474,1,WPI,14440,1,,,,,,,,,,6729,6668,,,,,,,14440,5,332.232,320.008,12,-25201,40000,-12,16
1790375291.8554404,1,ENC,14455,1,,10,10,31,,,,,,,,,,,,,,,,,,,,,,
1790375291.8652933,1,STR,14459,1,,,,,0.367,0.0,0.0,-0.369,,6729,6668,156,151,5,5.834,,,,,,,,,,,
1790375291.8751214,1,ENC,14475,1,,6,6,20,,,,,,,,,,,,,,,,,,,,,,
1790375291.883859,1,STR,14479,1,,,,,0.367,0.0,0.0,-0.367,,6729,6668,157,151,6,6.405,,,,,,,,,,,
1790375291.8970923,1,WPI,14489,1,,,,,,,,,,6729,6668,,,,,,,14485,5,321.477,313.614,7,-25158,40000,-12,16
1790375291.9007187,1,ENC,14502,1,,8,8,27,,,,,,,,,,,,,,,,,,,,,,
1790375291.9123008,1,STR,14506,1,,,,,0.369,0.0,0.423,-0.369,,6729,6668,157,151,6,7.149,,,,,,,,,,,
1790375291.920591,1,ENC,14522,1,,7,6,20,,,,,,,,,,,,,,,,,,,,,,
1790375291.9319682,1,STR,14526,1,,,,,0.375,0.0,0.0,-0.375,,6758,6701,157,151,6,6.596,,,,,,,,,,,
1790375291.9477153,1,WPI,14536,1,,,,,,,,,,6758,6701,,,,,,,14535,5,308.425,302.323,6,-25142,40000,-11,15
1790375291.9526472,1,ENC,14553,1,,9,10,31,,,,,,,,,,,,,,,,,,,,,,
1790375291.9624205,1,STR,14557,1,,,,,0.369,0.0,0.423,-0.369,,6758,6701,157,151,6,7.205,,,,,,,,,,,
1790375291.972336,1,ENC,14573,1,,5,6,20,,,,,,,,,,,,,,,,,,,,,,
1790375291.9812608,1,STR,14577,1,,,,,0.374,0.0,-0.301,-0.374,,6758,6701,156,151,5,6.147,,,,,,,,,,,
1790375291.9944863,1,WPI,14587,1,,,,,,,,,,6758,6701,,,,,,,14585,5,303.341,297.97,5,-25138,40000,-11,15
1790375291.9992042,1,ENC,14600,1,,8,8,27,,,,,,,,,,,,,,,,,,,,,,
1790375292.0097716,1,STR,14604,1,,,,,0.381,0.0,-0.361,-0.381,,6758,6701,157,151,6,6.2,,,,,,,,,,,
1790375292.0174167,1,ENC,14620,1,,6,5,20,,,,,,,,,,,,,,,,,,,,,,
1790375292.02245,1,STR,14622,1,,,,,0.38,0.0,0.0,-0.38,,6758,6701,157,151,6,6.772,,,,,,,,,,,
1790375292.0299423,1,WPI,14627,1,,,,,,,,,,6758,6701,,,,,,,14625,5,284.984,299.531,-14,-25142,40000,-11,15
1790375292.037797,1,ENC,14640,0,,6,6,20,,,,,,,,,,,,,,,,,,,,,,
1790375292.048856,1,STR,14644,1,,,,,0.37,0.0,-0.663,-0.376,,7199,7199,151,151,0,0.0,,,,,,,,,,,
1790375292.0576813,1,ENC,14660,0,,3,4,20,,,,,,,,,,,,,,,,,,,,,,
1790375292.0689895,1,STR,14664,1,,,,,0.361,0.0,-0.964,-0.376,,7199,7199,151,151,0,0.0,,,,,,,,,,,
1790375292.0775084,1,ENC,14680,0,,0,2,20,,,,,,,,,,,,,,,,,,,,,,
1790375292.0886893,1,STR,14684,1,,,,,0.35,0.0,0.604,-0.376,,7199,7199,151,151,0,0.0,,,,,,,,,,,
1790375292.097355,1,ENC,14700,0,,0,1,20,,,,,,,,,,,,,,,,,,,,,,
1790375292.1072953,1,STR,14704,1,,,,,0.353,0.0,0.0,-0.376,,7199,7199,151,151,0,0.0,,,,,,,,,,,
1790375292.1172316,1,ENC,14720,0,,0,0,20,,,,,,,,,,,,,,,,,,,,,,
1790375292.128398,1,STR,14724,1,,,,,0.361,0.0,-0.361,-0.376,,7199,7199,151,151,0,0.0,,,,,,,,,,,
1790375292.138124,1,ENC,14740,0,,0,-1,20,,,,,,,,,,,,,,,,,,,,,,
1790375292.1480837,1,STR,14744,1,,,,,0.356,0.0,0.0,-0.376,,7199,7199,151,151,0,0.0,,,,,,,,,,,
1790375292.1569207,1,ENC,14760,0,,0,0,20,,,,,,,,,,,,,,,,,,,,,,
1790375292.1680908,1,STR,14764,1,,,,,0.358,0.0,0.423,-0.376,,7199,7199,151,151,0,0.0,,,,,,,,,,,
1790375292.1767778,1,ENC,14780,0,,0,0,20,,,,,,,,,,,,,,,,,,,,,,
1790375292.1866565,1,STR,14784,1,,,,,0.36,0.0,0.0,-0.376,,7199,7199,151,151,0,0.0,,,,,,,,,,,
1790375292.1977682,1,ENC,14800,0,,0,0,20,,,,,,,,,,,,,,,,,,,,,,
1790375292.20766,1,STR,14804,1,,,,,0.36,0.0,0.0,-0.376,,7199,7199,151,151,0,0.0,,,,,,,,,,,
1790375292.2165182,1,ENC,14820,0,,0,0,20,,,,,,,,,,,,,,,,,,,,,,
1790375292.2265048,1,STR,14824,1,,,,,0.36,0.0,0.0,-0.376,,7199,7199,151,151,0,0.0,,,,,,,,,,,
1790375292.236382,1,ENC,14840,0,,0,0,20,,,,,,,,,,,,,,,,,,,,,,
1790375292.246337,1,STR,14844,1,,,,,0.36,0.0,0.0,-0.376,,7199,7199,151,151,0,0.0,,,,,,,,,,,
1790375292.2562752,1,ENC,14860,0,,0,0,20,,,,,,,,,,,,,,,,,,,,,,
1790375292.267252,1,STR,14864,1,,,,,0.36,0.0,0.0,-0.376,,7199,7199,151,151,0,0.0,,,,,,,,,,,
1790375292.2751791,1,ENC,14880,0,,0,0,20,,,,,,,,,,,,,,,,,,,,,,
1790375292.279827,1,STR,14882,1,,,,,0.36,0.0,0.0,-0.376,,7199,7199,151,151,0,0.0,,,,,,,,,,,
1790375292.2959642,1,ENC,14900,0,,0,0,20,,,,,,,,,,,,,,,,,,,,,,
1790375292.3059077,1,STR,14904,1,,,,,0.36,0.0,0.0,-0.376,,7199,7199,151,151,0,0.0,,,,,,,,,,,
1790375292.3158455,1,ENC,14920,0,,0,0,20,,,,,,,,,,,,,,,,,,,,,,
1790375292.325751,1,STR,14924,1,,,,,0.36,0.0,0.0,-0.376,,7199,7199,151,151,0,0.0,,,,,,,,,,,
1790375292.3356822,1,ENC,14940,0,,0,0,20,,,,,,,,,,,,,,,,,,,,,,
1790375292.35553,1,ENC,14960,0,,0,0,20,,,,,,,,,,,,,,,,,,,,,,
1790375292.3753972,1,ENC,14980,0,,0,0,20,,,,,,,,,,,,,,,,,,,,,,
1790375292.3965335,1,ENC,15000,0,,0,0,20,,,,,,,,,,,,,,,,,,,,,,
1790375292.415155,1,ENC,15020,0,,0,0,20,,,,,,,,,,,,,,,,,,,,,,
1790375292.435025,1,ENC,15040,0,,0,0,20,,,,,,,,,,,,,,,,,,,,,,
1790375292.4549005,1,ENC,15060,0,,0,0,20,,,,,,,,,,,,,,,,,,,,,,
1790375292.474722,1,ENC,15080,0,,0,0,20,,,,,,,,,,,,,,,,,,,,,,
1790375292.4936843,1,ENC,15100,0,,0,0,20,,,,,,,,,,,,,,,,,,,,,,
1790375292.5145955,1,ENC,15120,0,,0,0,20,,,,,,,,,,,,,,,,,,,,,,
1790375292.5344286,1,ENC,15140,0,,0,0,20,,,,,,,,,,,,,,,,,,,,,,
1790375292.5542772,1,ENC,15160,0,,0,0,20,,,,,,,,,,,,,,,,,,,,,,
1790375292.574128,1,ENC,15180,0,,0,0,20,,,,,,,,,,,,,,,,,,,,,,
1790375292.5949953,1,ENC,15200,0,,0,0,20,,,,,,,,,,,,,,,,,,,,,,
1790375292.6138437,1,ENC,15220,0,,0,0,20,,,,,,,,,,,,,,,,,,,,,,
1790375292.633715,1,ENC,15240,0,,0,0,20,,,,,,,,,,,,,,,,,,,,,,
1790375292.6535904,1,ENC,15260,0,,0,0,20,,,,,,,,,,,,,,,,,,,,,,
1790375292.673423,1,ENC,15280,0,,0,0,20,,,,,,,,,,,,,,,,,,,,,,
1790375292.6925013,1,ENC,15300,0,,0,0,20,,,,,,,,,,,,,,,,,,,,,,
1790375292.7131689,1,ENC,15320,0,,0,0,20,,,,,,,,,,,,,,,,,,,,,,
1790375292.7329767,1,ENC,15340,0,,0,0,20,,,,,,,,,,,,,,,,,,,,,,
1790375292.7528594,1,ENC,15360,0,,0,0,20,,,,,,,,,,,,,,,,,,,,,,
1790375292.7727683,1,ENC,15380,0,,0,0,20,,,,,,,,,,,,,,,,,,,,,,
1790375292.7934885,1,ENC,15400,0,,0,0,20,,,,,,,,,,,,,,,,,,,,,,
1790375292.8124208,1,ENC,15420,0,,0,0,20,,,,,,,,,,,,,,,,,,,,,,
1790375292.8322673,1,ENC,15440,0,,0,0,20,,,,,,,,,,,,,,,,,,,,,,
1790375292.8521705,1,ENC,15460,0,,0,0,20,,,,,,,,,,,,,,,,,,,,,,
1790375292.8713448,1,ENC,15480,0,,0,0,20,,,,,,,,,,,,,,,,,,,,,,
1790375292.891859,1,ENC,15500,0,,0,0,20,,,,,,,,,,,,,,,,,,,,,,
1790375292.9117246,1,ENC,15520,0,,0,0,20,,,,,,,,,,,,,,,,,,,,,,
1790375292.9316761,1,ENC,15540,0,,0,0,20,,,,,,,,,,,,,,,,,,,,,,
1790375292.9513946,1,ENC,15560,0,,0,0,20,,,,,,,,,,,,,,,,,,,,,,
1790375292.971252,1,ENC,15580,0,,0,0,20,,,,,,,,,,,,,,,,,,,,,,
1790375292.9920754,1,ENC,15600,0,,0,0,20,,,,,,,,,,,,,,,,,,,,,,
1790375293.0109756,1,ENC,15620,0,,0,0,20,,,,,,,,,,,,,,,,,,,,,,
1790375293.0308266,1,ENC,15640,0,,0,0,20,,,,,,,,,,,,,,,,,,,,,,
1790375293.0507326,1,ENC,15660,0,,0,0,20,,,,,,,,,,,,,,,,,,,,,,
1790375293.0697205,1,ENC,15680,0,,0,0,20,,,,,,,,,,,,,,,,,,,,,,
1790375293.0904233,1,ENC,15700,0,,0,0,20,,,,,,,,,,,,,,,,,,,,,,
1790375293.1103077,1,ENC,15720,0,,0,0,20,,,,,,,,,,,,,,,,,,,,,,
1790375293.130155,1,ENC,15740,0,,0,0,20,,,,,,,,,,,,,,,,,,,,,,
1790375293.1500077,1,ENC,15760,0,,0,0,20,,,,,,,,,,,,,,,,,,,,,,
1790375293.1698709,1,ENC,15780,0,,0,0,20,,,,,,,,,,,,,,,,,,,,,,
1790375293.190686,1,ENC,15800,0,,0,0,20,,,,,,,,,,,,,,,,,,,,,,
1790375293.2095838,1,ENC,15820,0,,0,0,20,,,,,,,,,,,,,,,,,,,,,,
1790375293.229443,1,ENC,15840,0,,0,0,20,,,,,,,,,,,,,,,,,,,,,,
1790375293.2493505,1,ENC,15860,0,,0,0,20,,,,,,,,,,,,,,,,,,,,,,
1790375293.2683318,1,ENC,15880,0,,0,0,20,,,,,,,,,,,,,,,,,,,,,,
1790375293.2890317,1,ENC,15900,0,,0,0,20,,,,,,,,,,,,,,,,,,,,,,
1790375293.3089066,1,ENC,15920,0,,0,0,20,,,,,,,,,,,,,,,,,,,,,,
1790375293.3287356,1,ENC,15940,0,,0,0,20,,,,,,,,,,,,,,,,,,,,,,
1790375293.3485887,1,ENC,15960,0,,0,0,20,,,,,,,,,,,,,,,,,,,,,,
1790375293.3684497,1,ENC,15980,0,,0,0,20,,,,,,,,,,,,,,,,,,,,,,
1790375293.3892708,1,ENC,16000,0,,0,0,20,,,,,,,,,,,,,,,,,,,,,,
1790375293.4081693,1,ENC,16020,0,,0,0,20,,,,,,,,,,,,,,,,,,,,,,
1790375293.4280293,1,ENC,16040,0,,0,0,20,,,,,,,,,,,,,,,,,,,,,,
1790375293.4479122,1,ENC,16060,0,,0,0,20,,,,,,,,,,,,,,,,,,,,,,
1790375293.4668858,1,ENC,16080,0,,0,0,20,,,,,,,,,,,,,,,,,,,,,,
1790375293.4875777,1,ENC,16100,0,,0,0,20,,,,,,,,,,,,,,,,,,,,,,
