host_time,session_id,record_type,stm_tick_ms,command_id,command,motor_a_delta,motor_b_delta,sample_dt_ms,yaw_deg,target_deg,yaw_rate_dps,turn_error_deg,turn_effort,left_pwm,right_pwm,servo_ccr,servo_center_ccr,servo_offset_ccr,steer_cmd_percent,turn_phase,fault_code
1790361146.1001053,1,ENC,54051,0,,0,0,20,,,,,,,,,,,,,
1790361146.1198962,1,ENC,54071,0,,0,0,20,,,,,,,,,,,,,
1790361146.1397943,1,ENC,54091,0,,0,0,20,,,,,,,,,,,,,
1790361146.1597292,1,ENC,54111,0,,0,0,20,,,,,,,,,,,,,
1790361146.179572,1,ENC,54131,0,,0,0,20,,,,,,,,,,,,,
1790361146.1994543,1,ENC,54151,0,,0,0,20,,,,,,,,,,,,,
1790361146.2193375,1,ENC,54171,0,,0,0,20,,,,,,,,,,,,,
1790361146.2392204,1,ENC,54191,0,,0,0,20,,,,,,,,,,,,,
1790361146.2591867,1,ENC,54211,0,,0,0,20,,,,,,,,,,,,,
1790361146.2789838,1,ENC,54231,0,,0,0,20,,,,,,,,,,,,,
1790361146.2988927,1,ENC,54251,0,,0,0,20,,,,,,,,,,,,,
1790361146.3179216,1,ENC,54271,0,,0,0,20,,,,,,,,,,,,,
1790361146.3386505,1,ENC,54291,0,,0,0,20,,,,,,,,,,,,,
1790361146.358548,1,ENC,54311,0,,0,0,20,,,,,,,,,,,,,
1790361146.378417,1,ENC,54331,0,,0,0,20,,,,,,,,,,,,,
1790361146.3983018,1,ENC,54351,0,,0,0,20,,,,,,,,,,,,,
1790361146.4181893,1,ENC,54371,0,,0,0,20,,,,,,,,,,,,,
1790361146.4380987,1,ENC,54391,0,,0,0,20,,,,,,,,,,,,,
1790361146.4579754,1,ENC,54411,0,,0,0,20,,,,,,,,,,,,,
1790361146.4778686,1,ENC,54431,0,,0,0,20,,,,,,,,,,,,,
1790361146.4977937,1,ENC,54451,0,,0,0,20,,,,,,,,,,,,,
1790361146.5167603,1,ENC,54471,0,,0,0,20,,,,,,,,,,,,,
1790361146.537551,1,ENC,54491,0,,0,0,20,,,,,,,,,,,,,
1790361146.5574753,1,ENC,54511,0,,0,0,20,,,,,,,,,,,,,
1790361146.5774288,1,ENC,54531,0,,0,0,20,,,,,,,,,,,,,
1790361146.5987515,1,CMD,54543,2,FWD_CM:200,,,,,,,,,,,,,,,,
1790361146.602619,1,ENC,54555,2,,0,0,20,,,,,,,,,,,,,
1790361146.6123033,1,STR,54559,2,,,,,-0.802,-0.802,0.0,0.0,,7199,7199,151,151,0,0.0,,
1790361146.6171355,1,ENC,54571,2,,0,0,20,,,,,,,,,,,,,
1790361146.6268282,1,STR,54575,2,,,,,-0.802,-0.802,0.0,0.0,,7199,7199,151,151,0,0.0,,
1790361146.6371522,1,ENC,54591,2,,0,0,20,,,,,,,,,,,,,
1790361146.6468027,1,STR,54595,2,,,,,-0.802,-0.802,0.0,0.0,,7199,7166,151,151,0,0.0,,
1790361146.6569102,1,ENC,54611,2,,0,0,20,,,,,,,,,,,,,
1790361146.6666088,1,STR,54615,2,,,,,-0.802,-0.802,0.0,0.0,,7190,7132,151,151,0,0.0,,
1790361146.6768,1,ENC,54631,2,,0,0,20,,,,,,,,,,,,,
1790361146.6864843,1,STR,54635,2,,,,,-0.802,-0.802,0.0,0.0,,7162,7098,151,151,0,0.0,,
1790361146.6967,1,ENC,54651,2,,0,0,20,,,,,,,,,,,,,
1790361146.7062874,1,STR,54655,2,,,,,-0.802,-0.802,0.0,0.0,,7106,7030,151,151,0,0.0,,
1790361146.7165644,1,ENC,54671,2,,0,0,20,,,,,,,,,,,,,
1790361146.7260995,1,STR,54675,2,,,,,-0.802,-0.802,0.0,0.0,,7050,6962,151,151,0,0.0,,
1790361146.7365167,1,ENC,54691,2,,0,1,20,,,,,,,,,,,,,
1790361146.7462206,1,STR,54695,2,,,,,-0.802,-0.802,0.0,0.0,,6994,6894,151,151,0,0.0,,
1790361146.7564194,1,ENC,54711,2,,1,1,20,,,,,,,,,,,,,
1790361146.7647862,1,STR,54715,2,,,,,-0.802,-0.802,0.0,0.0,,6912,6792,151,151,0,0.0,,
1790361146.7753992,1,ENC,54731,2,,2,2,20,,,,,,,,,,,,,
1790361146.7802398,1,STR,54733,2,,,,,-0.802,-0.802,0.0,0.0,,6856,6724,151,151,0,0.0,,
1790361146.7961707,1,ENC,54751,2,,1,2,20,,,,,,,,,,,,,
1790361146.8059072,1,STR,54755,2,,,,,-0.802,-0.802,0.0,0.0,,6746,6588,151,151,0,0.0,,
1790361146.816098,1,ENC,54771,2,,4,6,20,,,,,,,,,,,,,
1790361146.8257225,1,STR,54775,2,,,,,-0.802,-0.802,0.0,0.0,,6663,6486,151,151,0,0.0,,
1790361146.8360298,1,ENC,54791,2,,6,6,20,,,,,,,,,,,,,
1790361146.8454764,1,STR,54795,2,,,,,-0.802,-0.802,0.0,0.0,,6553,6350,151,151,0,0.0,,
1790361146.855861,1,ENC,54811,2,,8,9,20,,,,,,,,,,,,,
1790361146.8654902,1,STR,54815,2,,,,,-0.802,-0.802,0.0,0.0,,6443,6214,151,151,0,0.0,,
1790361146.8770795,1,ENC,54831,2,,10,11,20,,,,,,,,,,,,,
1790361146.885438,1,STR,54835,2,,,,,-0.802,-0.802,0.0,0.0,,6305,6044,151,151,0,0.0,,
1790361146.8971567,1,ENC,54851,2,,12,14,20,,,,,,,,,,,,,
1790361146.9056778,1,STR,54855,2,,,,,-0.802,-0.802,0.0,0.0,,6195,5909,151,151,0,0.0,,
1790361146.915722,1,ENC,54871,2,,15,17,20,,,,,,,,,,,,,
1790361146.9252517,1,STR,54875,2,,,,,-0.802,-0.802,0.0,0.0,,6030,5705,151,151,0,0.0,,
1790361146.9356182,1,ENC,54891,2,,18,20,20,,,,,,,,,,,,,
1790361146.9451215,1,STR,54895,2,,,,,-0.8,-0.802,0.0,-0.002,,5893,5535,151,151,0,0.0,,
1790361146.956709,1,ENC,54911,2,,22,23,20,,,,,,,,,,,,,
1790361146.9653032,1,STR,54915,2,,,,,-0.8,-0.802,0.0,-0.002,,5727,5333,151,151,0,0.0,,
1790361146.9765787,1,ENC,54931,2,,24,28,20,,,,,,,,,,,,,
1790361146.984943,1,STR,54935,2,,,,,-0.8,-0.802,0.0,-0.002,,5561,5130,151,151,0,0.0,,
1790361146.9964497,1,ENC,54951,2,,29,31,20,,,,,,,,,,,,,
1790361147.0049198,1,STR,54955,2,,,,,-0.8,-0.802,0.0,-0.002,,5396,4927,151,151,0,0.0,,
1790361147.0163634,1,ENC,54971,2,,32,36,20,,,,,,,,,,,,,
1790361147.024862,1,STR,54975,2,,,,,-0.8,-0.802,0.0,-0.002,,5202,4691,151,151,0,0.0,,
1790361147.0342054,1,ENC,54991,2,,36,39,20,,,,,,,,,,,,,
1790361147.039687,1,STR,54993,2,,,,,-0.8,-0.802,0.0,-0.002,,5065,4522,151,151,0,0.0,,
1790361147.0549836,1,ENC,55011,2,,40,45,20,,,,,,,,,,,,,
1790361147.064612,1,STR,55015,2,,,,,-0.8,-0.802,0.0,-0.002,,4814,4220,151,151,0,0.0,,
1790361147.0748754,1,ENC,55031,2,,45,50,20,,,,,,,,,,,,,
1790361147.0844064,1,STR,55035,2,,,,,-0.8,-0.802,0.0,-0.002,,4593,3951,151,151,0,0.0,,
1790361147.095938,1,ENC,55051,2,,50,54,20,,,,,,,,,,,,,
1790361147.10438,1,STR,55055,2,,,,,-0.8,-0.802,0.0,-0.002,,4480,3818,151,151,0,0.0,,
1790361147.1158102,1,ENC,55071,2,,53,59,20,,,,,,,,,,,,,
1790361147.1259184,1,STR,55075,2,,,,,-0.801,-0.802,-0.22,-0.001,,4475,3821,151,151,0,-0.264,,
1790361147.1357102,1,ENC,55091,2,,58,64,20,,,,,,,,,,,,,
1790361147.1440504,1,STR,55095,2,,,,,-0.802,-0.802,0.0,0.0,,4470,3825,151,151,0,0.0,,
1790361147.1556504,1,ENC,55111,2,,59,67,20,,,,,,,,,,,,,
1790361147.164232,1,STR,55115,2,,,,,-0.802,-0.802,0.0,0.0,,4465,3828,151,151,0,0.0,,
1790361147.1743283,1,ENC,55131,2,,62,68,20,,,,,,,,,,,,,
1790361147.1836877,1,STR,55135,2,,,,,-0.802,-0.802,0.0,0.0,,4460,3832,151,151,0,0.0,,
1790361147.1942239,1,ENC,55151,2,,62,71,20,,,,,,,,,,,,,
1790361147.2037365,1,STR,55155,2,,,,,-0.802,-0.802,0.0,0.0,,4454,3836,151,151,0,0.0,,
1790361147.2152936,1,ENC,55171,2,,64,72,20,,,,,,,,,,,,,
1790361147.2235672,1,STR,55175,2,,,,,-0.802,-0.802,0.0,0.0,,4449,3840,151,151,0,0.0,,
1790361147.235177,1,ENC,55191,2,,66,72,20,,,,,,,,,,,,,
1790361147.2435231,1,STR,55195,2,,,,,-0.802,-0.802,0.0,0.0,,4444,3844,151,151,0,0.0,,
1790361147.2550728,1,ENC,55211,2,,65,74,20,,,,,,,,,,,,,
1790361147.2633564,1,STR,55215,2,,,,,-0.802,-0.802,0.0,0.0,,4437,3849,151,151,0,0.0,,
1790361147.2749517,1,ENC,55231,2,,66,75,20,,,,,,,,,,,,,
1790361147.283453,1,STR,55235,2,,,,,-0.802,-0.802,0.0,0.0,,4431,3854,151,151,0,0.0,,
1790361147.2948341,1,ENC,55251,2,,67,75,20,,,,,,,,,,,,,
1790361147.3022707,1,STR,55255,2,,,,,-0.802,-0.802,0.0,0.0,,4426,3858,151,151,0,0.0,,
1790361147.312677,1,ENC,55271,2,,67,75,20,,,,,,,,,,,,,
1790361147.3175135,1,STR,55273,2,,,,,-0.802,-0.802,0.0,0.0,,4422,3862,151,151,0,0.0,,
1790361147.3346395,1,ENC,55291,2,,67,75,20,,,,,,,,,,,,,
1790361147.3431084,1,STR,55295,2,,,,,-0.802,-0.802,0.0,0.0,,4416,3868,151,151,0,0.0,,
1790361147.354506,1,ENC,55311,2,,68,76,20,,,,,,,,,,,,,
1790361147.362802,1,STR,55315,2,,,,,-0.802,-0.802,0.0,0.0,,4411,3873,151,151,0,0.0,,
1790361147.374409,1,ENC,55331,2,,68,76,20,,,,,,,,,,,,,
1790361147.3827791,1,STR,55335,2,,,,,-0.802,-0.802,0.0,0.0,,4408,3876,151,151,0,0.0,,
1790361147.3942833,1,ENC,55351,2,,68,76,20,,,,,,,,,,,,,
1790361147.402636,1,STR,55355,2,,,,,-0.802,-0.802,0.0,0.0,,4408,3876,151,151,0,0.0,,
1790361147.4142385,1,ENC,55371,2,,68,76,20,,,,,,,,,,,,,
1790361147.4228027,1,STR,55375,2,,,,,-0.802,-0.802,0.0,0.0,,4408,3876,151,151,0,0.0,,
1790361147.4340672,1,ENC,55391,2,,68,76,20,,,,,,,,,,,,,
1790361147.442519,1,STR,55395,2,,,,,-0.802,-0.802,0.0,0.0,,4408,3876,151,151,0,0.0,,
1790361147.452794,1,ENC,55411,2,,69,76,20,,,,,,,,,,,,,
1790361147.462246,1,STR,55415,2,,,,,-0.802,-0.802,0.0,0.0,,4408,3876,151,151,0,0.0,,
1790361147.473862,1,ENC,55431,2,,68,77,20,,,,,,,,,,,,,
1790361147.4821966,1,STR,55435,2,,,,,-0.802,-0.802,0.0,0.0,,4408,3876,151,151,0,0.0,,
1790361147.4937267,1,ENC,55451,2,,69,76,20,,,,,,,,,,,,,
1790361147.502079,1,STR,55455,2,,,,,-0.802,-0.802,0.0,0.0,,4408,3876,151,151,0,0.0,,
1790361147.5136058,1,ENC,55471,2,,69,76,20,,,,,,,,,,,,,
1790361147.5220864,1,STR,55475,2,,,,,-0.802,-0.802,0.0,0.0,,4408,3876,151,151,0,0.0,,
1790361147.5323467,1,ENC,55491,2,,69,77,20,,,,,,,,,,,,,
1790361147.5420003,1,STR,55495,2,,,,,-0.802,-0.802,0.0,0.0,,4408,3876,151,151,0,0.0,,
1790361147.5533614,1,ENC,55511,2,,68,76,20,,,,,,,,,,,,,
1790361147.5618398,1,STR,55515,2,,,,,-0.802,-0.802,0.0,0.0,,4408,3876,151,151,0,0.0,,
1790361147.5712118,1,ENC,55531,2,,69,76,20,,,,,,,,,,,,,
1790361147.576021,1,STR,55533,2,,,,,-0.802,-0.802,0.0,0.0,,4408,3876,151,151,0,0.0,,
1790361147.5931654,1,ENC,55551,2,,69,77,20,,,,,,,,,,,,,
1790361147.6015222,1,STR,55555,2,,,,,-0.802,-0.802,0.0,0.0,,4408,3876,151,151,0,0.0,,
1790361147.6130252,1,ENC,55571,2,,69,76,20,,,,,,,,,,,,,
1790361147.6212103,1,STR,55575,2,,,,,-0.802,-0.802,0.0,0.0,,4408,3876,151,151,0,0.0,,
1790361147.6329648,1,ENC,55591,2,,69,77,20,,,,,,,,,,,,,
1790361147.6415374,1,STR,55595,2,,,,,-0.802,-0.802,0.0,0.0,,4408,3876,151,151,0,0.0,,
1790361147.6516337,1,ENC,55611,2,,68,76,20,,,,,,,,,,,,,
1790361147.661078,1,STR,55615,2,,,,,-0.802,-0.802,0.0,0.0,,4408,3876,151,151,0,0.0,,
1790361147.6727319,1,ENC,55631,2,,70,77,20,,,,,,,,,,,,,
1790361147.681198,1,STR,55635,2,,,,,-0.802,-0.802,0.0,0.0,,4408,3876,151,151,0,0.0,,
1790361147.6925545,1,ENC,55651,2,,69,76,20,,,,,,,,,,,,,
1790361147.7008421,1,STR,55655,2,,,,,-0.802,-0.802,0.0,0.0,,4408,3876,151,151,0,0.0,,
1790361147.712454,1,ENC,55671,2,,68,76,20,,,,,,,,,,,,,
1790361147.7207587,1,STR,55675,2,,,,,-0.802,-0.802,0.0,0.0,,4408,3876,151,151,0,0.0,,
1790361147.732346,1,ENC,55691,2,,69,77,20,,,,,,,,,,,,,
1790361147.7406867,1,STR,55695,2,,,,,-0.802,-0.802,0.0,0.0,,4408,3876,151,151,0,0.0,,
1790361147.7522118,1,ENC,55711,2,,69,76,20,,,,,,,,,,,,,
1790361147.760507,1,STR,55715,2,,,,,-0.802,-0.802,0.0,0.0,,4408,3876,151,151,0,0.0,,
1790361147.7721097,1,ENC,55731,2,,69,77,20,,,,,,,,,,,,,
1790361147.780592,1,STR,55735,2,,,,,-0.802,-0.802,0.0,0.0,,4408,3876,151,151,0,0.0,,
1790361147.7908235,1,ENC,55751,2,,69,76,20,,,,,,,,,,,,,
1790361147.8005085,1,STR,55755,2,,,,,-0.802,-0.802,0.0,0.0,,4408,3876,151,151,0,0.0,,
1790361147.8107064,1,ENC,55771,2,,69,77,20,,,,,,,,,,,,,
1790361147.820253,1,STR,55775,2,,,,,-0.802,-0.802,0.0,0.0,,4408,3876,151,151,0,0.0,,
1790361147.8305898,1,ENC,55791,2,,68,76,20,,,,,,,,,,,,,
1790361147.838141,1,STR,55795,2,,,,,-0.802,-0.802,0.0,0.0,,4408,3876,151,151,0,0.0,,
1790361147.8496046,1,ENC,55811,2,,69,77,20,,,,,,,,,,,,,
1790361147.854433,1,STR,55813,2,,,,,-0.802,-0.802,0.0,0.0,,4408,3876,151,151,0,0.0,,
1790361147.8715472,1,ENC,55831,2,,69,76,20,,,,,,,,,,,,,
1790361147.879922,1,STR,55835,2,,,,,-0.802,-0.802,0.0,0.0,,4408,3876,151,151,0,0.0,,
1790361147.8914433,1,ENC,55851,2,,69,77,20,,,,,,,,,,,,,
1790361147.9014573,1,STR,55855,2,,,,,-0.799,-0.802,0.202,-0.003,,4408,3876,151,151,0,0.243,,
1790361147.9101427,1,ENC,55871,2,,69,76,20,,,,,,,,,,,,,
1790361147.9196224,1,STR,55875,2,,,,,-0.798,-0.802,0.0,-0.004,,4408,3876,151,151,0,0.0,,
1790361147.9312124,1,ENC,55891,2,,69,77,20,,,,,,,,,,,,,
1790361147.9397848,1,STR,55895,2,,,,,-0.798,-0.802,0.0,-0.004,,4408,3876,151,151,0,0.0,,
1790361147.9510825,1,ENC,55911,2,,68,76,20,,,,,,,,,,,,,
1790361147.9612422,1,STR,55915,2,,,,,-0.799,-0.802,-0.22,-0.003,,4408,3876,151,151,0,-0.264,,
1790361147.9709876,1,ENC,55931,2,,69,77,20,,,,,,,,,,,,,
1790361147.9793675,1,STR,55935,2,,,,,-0.8,-0.802,0.0,-0.002,,4408,3876,151,151,0,0.0,,
1790361147.991005,1,ENC,55951,2,,70,77,20,,,,,,,,,,,,,
1790361148.000837,1,STR,55955,2,,,,,-0.8,-0.802,0.0,-0.002,,4408,3876,151,151,0,0.0,,
1790361148.01078,1,ENC,55971,2,,68,76,20,,,,,,,,,,,,,
1790361148.0193007,1,STR,55975,2,,,,,-0.8,-0.802,0.0,-0.002,,4408,3876,151,151,0,0.0,,
1790361148.0307233,1,ENC,55991,2,,69,77,20,,,,,,,,,,,,,
1790361148.0393605,1,STR,55995,2,,,,,-0.8,-0.802,0.0,-0.002,,4408,3876,151,151,0,0.0,,
1790361148.0493999,1,ENC,56011,2,,69,77,20,,,,,,,,,,,,,
1790361148.0590174,1,STR,56015,2,,,,,-0.8,-0.802,0.0,-0.002,,4408,3876,151,151,0,0.0,,
1790361148.069289,1,ENC,56031,2,,69,76,20,,,,,,,,,,,,,
1790361148.0787363,1,STR,56035,2,,,,,-0.8,-0.802,0.0,-0.002,,4408,3876,151,151,0,0.0,,
1790361148.0903282,1,ENC,56051,2,,69,77,20,,,,,,,,,,,,,
1790361148.0987976,1,STR,56055,2,,,,,-0.8,-0.802,0.0,-0.002,,4408,3876,151,151,0,0.0,,
1790361148.108158,1,ENC,56071,2,,69,77,20,,,,,,,,,,,,,
1790361148.1136727,1,STR,56073,2,,,,,-0.8,-0.802,0.0,-0.002,,4408,3876,151,151,0,0.0,,
1790361148.1301117,1,ENC,56091,2,,69,76,20,,,,,,,,,,,,,
1790361148.1386476,1,STR,56095,2,,,,,-0.8,-0.802,0.0,-0.002,,4408,3876,151,151,0,0.0,,
1790361148.150006,1,ENC,56111,2,,69,77,20,,,,,,,,,,,,,
1790361148.1584725,1,STR,56115,2,,,,,-0.8,-0.802,0.0,-0.002,,4408,3876,151,151,0,0.0,,
1790361148.168746,1,ENC,56131,2,,69,77,20,,,,,,,,,,,,,
1790361148.1783924,1,STR,56135,2,,,,,-0.8,-0.802,0.0,-0.002,,4408,3876,151,151,0,0.0,,
1790361148.188752,1,ENC,56151,2,,68,77,20,,,,,,,,,,,,,
1790361148.1982462,1,STR,56155,2,,,,,-0.8,-0.802,0.0,-0.002,,4408,3876,151,151,0,0.0,,
1790361148.2097688,1,ENC,56171,2,,69,77,20,,,,,,,,,,,,,
1790361148.2185144,1,STR,56175,2,,,,,-0.805,-0.802,-0.28,0.003,,4408,3876,151,151,0,-0.336,,
1790361148.2296243,1,ENC,56191,2,,69,77,20,,,,,,,,,,,,,
1790361148.237945,1,STR,56195,2,,,,,-0.806,-0.802,0.0,0.004,,4408,3876,151,151,0,0.0,,
1790361148.2496018,1,ENC,56211,2,,69,77,20,,,,,,,,,,,,,
1790361148.258202,1,STR,56215,2,,,,,-0.806,-0.802,0.0,0.004,,4408,3876,151,151,0,0.0,,
1790361148.2694044,1,ENC,56231,2,,69,76,20,,,,,,,,,,,,,
1790361148.277813,1,STR,56235,2,,,,,-0.806,-0.802,0.0,0.004,,4408,3876,151,151,0,0.0,,
1790361148.2892902,1,ENC,56251,2,,69,77,20,,,,,,,,,,,,,
1790361148.297602,1,STR,56255,2,,,,,-0.806,-0.802,0.0,0.004,,4408,3876,151,151,0,0.0,,
1790361148.309186,1,ENC,56271,2,,69,77,20,,,,,,,,,,,,,
1790361148.3176944,1,STR,56275,2,,,,,-0.806,-0.802,0.0,0.004,,4408,3876,151,151,0,0.0,,
1790361148.3279757,1,ENC,56291,2,,69,77,20,,,,,,,,,,,,,
1790361148.337395,1,STR,56295,2,,,,,-0.806,-0.802,0.0,0.004,,4408,3876,151,151,0,0.0,,
1790361148.348932,1,ENC,56311,2,,69,77,20,,,,,,,,,,,,,
1790361148.3572292,1,STR,56315,2,,,,,-0.806,-0.802,0.0,0.004,,4408,3876,151,151,0,0.0,,
1790361148.3688338,1,ENC,56331,2,,68,76,20,,,,,,,,,,,,,
1790361148.3757217,1,STR,56335,2,,,,,-0.806,-0.802,0.0,0.004,,4408,3876,151,151,0,0.0,,
1790361148.3866591,1,ENC,56351,2,,69,77,20,,,,,,,,,,,,,
1790361148.391496,1,STR,56353,2,,,,,-0.806,-0.802,0.0,0.004,,4408,3876,151,151,0,0.0,,
1790361148.4086025,1,ENC,56371,2,,69,77,20,,,,,,,,,,,,,
1790361148.4170597,1,STR,56375,2,,,,,-0.806,-0.802,0.0,0.004,,4408,3876,151,151,0,0.0,,
1790361148.4284897,1,ENC,56391,2,,69,77,20,,,,,,,,,,,,,
1790361148.4369736,1,STR,56395,2,,,,,-0.806,-0.802,0.0,0.004,,4408,3876,151,151,0,0.0,,
1790361148.4472847,1,ENC,56411,2,,69,77,20,,,,,,,,,,,,,
1790361148.4567378,1,STR,56415,2,,,,,-0.806,-0.802,0.0,0.004,,4408,3876,151,151,0,0.0,,
1790361148.4682865,1,ENC,56431,2,,69,77,20,,,,,,,,,,,,,
1790361148.4767072,1,STR,56435,2,,,,,-0.806,-0.802,0.0,0.004,,4408,3876,151,151,0,0.0,,
1790361148.4881818,1,ENC,56451,2,,69,77,20,,,,,,,,,,,,,
1790361148.496439,1,STR,56455,2,,,,,-0.806,-0.802,0.0,0.004,,4408,3876,151,151,0,0.0,,
1790361148.5081046,1,ENC,56471,2,,69,77,20,,,,,,,,,,,,,
1790361148.5182219,1,STR,56475,2,,,,,-0.809,-0.802,-0.22,0.007,,4408,3876,151,151,0,-0.264,,
1790361148.5279577,1,ENC,56491,2,,69,77,20,,,,,,,,,,,,,
1790361148.5363772,1,STR,56495,2,,,,,-0.81,-0.802,0.0,0.008,,4408,3876,151,151,0,0.0,,
1790361148.5478427,1,ENC,56511,2,,69,77,20,,,,,,,,,,,,,
1790361148.5564892,1,STR,56515,2,,,,,-0.81,-0.802,0.0,0.008,,4408,3876,151,151,0,0.0,,
1790361148.567761,1,ENC,56531,2,,68,78,20,,,,,,,,,,,,,
1790361148.5761795,1,STR,56535,2,,,,,-0.81,-0.802,0.0,0.008,,4408,3876,151,151,0,0.0,,
1790361148.5865302,1,ENC,56551,2,,69,76,20,,,,,,,,,,,,,
1790361148.596045,1,STR,56555,2,,,,,-0.81,-0.802,0.0,0.008,,4408,3876,151,151,0,0.0,,
1790361148.6075015,1,ENC,56571,2,,69,77,20,,,,,,,,,,,,,
1790361148.6158483,1,STR,56575,2,,,,,-0.81,-0.802,0.0,0.008,,4408,3876,151,151,0,0.0,,
1790361148.6273923,1,ENC,56591,2,,69,77,20,,,,,,,,,,,,,
1790361148.6358137,1,STR,56595,2,,,,,-0.81,-0.802,0.0,0.008,,4408,3876,151,151,0,0.0,,
1790361148.645361,1,ENC,56611,2,,69,77,20,,,,,,,,,,,,,
1790361148.6502917,1,STR,56613,2,,,,,-0.81,-0.802,0.0,0.008,,4408,3876,151,151,0,0.0,,
1790361148.6662052,1,ENC,56631,2,,69,77,20,,,,,,,,,,,,,
1790361148.677324,1,STR,56635,2,,,,,-0.812,-0.802,-0.22,0.009,,4408,3876,151,151,0,-0.264,,
1790361148.6860845,1,ENC,56651,2,,69,77,20,,,,,,,,,,,,,
1790361148.6956377,1,STR,56655,2,,,,,-0.815,-0.802,0.0,0.013,,4408,3876,151,151,0,0.0,,
1790361148.705976,1,ENC,56671,2,,69,77,20,,,,,,,,,,,,,
1790361148.7155988,1,STR,56675,2,,,,,-0.815,-0.802,0.0,0.013,,4408,3876,151,151,0,0.0,,
1790361148.727028,1,ENC,56691,2,,68,78,20,,,,,,,,,,,,,
1790361148.737049,1,STR,56695,2,,,,,-0.812,-0.802,0.202,0.01,,4408,3876,151,151,0,0.243,,
1790361148.7468925,1,ENC,56711,2,,69,77,20,,,,,,,,,,,,,
1790361148.755241,1,STR,56715,2,,,,,-0.811,-0.802,0.0,0.009,,4408,3876,151,151,0,0.0,,
1790361148.7668278,1,ENC,56731,2,,69,77,20,,,,,,,,,,,,,
1790361148.7754164,1,STR,56735,2,,,,,-0.811,-0.802,0.0,0.009,,4408,3876,151,151,0,0.0,,
1790361148.7854955,1,ENC,56751,2,,69,77,20,,,,,,,,,,,,,
1790361148.79494,1,STR,56755,2,,,,,-0.811,-0.802,0.0,0.009,,4408,3876,151,151,0,0.0,,
1790361148.8065212,1,ENC,56771,2,,69,77,20,,,,,,,,,,,,,
1790361148.8148813,1,STR,56775,2,,,,,-0.811,-0.802,0.0,0.009,,4408,3876,151,151,0,0.0,,
1790361148.8264923,1,ENC,56791,2,,68,77,20,,,,,,,,,,,,,
1790361148.8350406,1,STR,56795,2,,,,,-0.811,-0.802,0.0,0.009,,4408,3876,151,151,0,0.0,,
1790361148.8463159,1,ENC,56811,2,,69,77,20,,,,,,,,,,,,,
1790361148.8547604,1,STR,56815,2,,,,,-0.811,-0.802,0.0,0.009,,4408,3876,151,151,0,0.0,,
1790361148.866185,1,ENC,56831,2,,69,77,20,,,,,,,,,,,,,
1790361148.8745458,1,STR,56835,2,,,,,-0.811,-0.802,0.0,0.009,,4408,3876,151,151,0,0.0,,
1790361148.8860793,1,ENC,56851,2,,69,77,20,,,,,,,,,,,,,
1790361148.894506,1,STR,56855,2,,,,,-0.811,-0.802,0.0,0.009,,4408,3876,151,151,0,0.0,,
1790361148.9048195,1,ENC,56871,2,,69,77,20,,,,,,,,,,,,,
1790361148.9133399,1,STR,56875,2,,,,,-0.811,-0.802,0.0,0.009,,4408,3876,151,151,0,0.0,,
1790361148.9238012,1,ENC,56891,2,,69,77,20,,,,,,,,,,,,,
1790361148.9286377,1,STR,56893,2,,,,,-0.811,-0.802,0.0,0.009,,4408,3876,151,151,0,0.0,,
1790361148.9457388,1,ENC,56911,2,,69,77,20,,,,,,,,,,,,,
1790361148.954143,1,STR,56915,2,,,,,-0.811,-0.802,0.0,0.009,,4408,3876,151,151,0,0.0,,
1790361148.9656649,1,ENC,56931,2,,69,77,20,,,,,,,,,,,,,
1790361148.9740386,1,STR,56935,2,,,,,-0.811,-0.802,0.0,0.009,,4408,3876,151,151,0,0.0,,
1790361148.9855394,1,ENC,56951,2,,69,77,20,,,,,,,,,,,,,
1790361148.9939108,1,STR,56955,2,,,,,-0.811,-0.802,0.0,0.009,,4408,3876,151,151,0,0.0,,
1790361149.0054574,1,ENC,56971,2,,69,77,20,,,,,,,,,,,,,
1790361149.0138109,1,STR,56975,2,,,,,-0.811,-0.802,0.0,0.009,,4408,3876,151,151,0,0.0,,
1790361149.0254216,1,ENC,56991,2,,70,78,20,,,,,,,,,,,,,
1790361149.033999,1,STR,56995,2,,,,,-0.811,-0.802,0.0,0.009,,4408,3876,151,151,0,0.0,,
1790361149.0440974,1,ENC,57011,2,,68,76,20,,,,,,,,,,,,,
1790361149.0536244,1,STR,57015,2,,,,,-0.811,-0.802,0.0,0.009,,4408,3876,151,151,0,0.0,,
1790361149.064,1,ENC,57031,2,,69,77,20,,,,,,,,,,,,,
1790361149.0734468,1,STR,57035,2,,,,,-0.811,-0.802,0.0,0.009,,4408,3876,151,151,0,0.0,,
1790361149.0850868,1,ENC,57051,2,,69,77,20,,,,,,,,,,,,,
1790361149.0935287,1,STR,57055,2,,,,,-0.811,-0.802,0.0,0.009,,4408,3876,151,151,0,0.0,,
1790361149.1049495,1,ENC,57071,2,,69,77,20,,,,,,,,,,,,,
1790361149.1132555,1,STR,57075,2,,,,,-0.811,-0.802,0.0,0.009,,4408,3876,151,151,0,0.0,,
1790361149.124873,1,ENC,57091,2,,69,77,20,,,,,,,,,,,,,
1790361149.1331618,1,STR,57095,2,,,,,-0.811,-0.802,0.0,0.009,,4408,3876,151,151,0,0.0,,
1790361149.1447728,1,ENC,57111,2,,69,77,20,,,,,,,,,,,,,
1790361149.1531737,1,STR,57115,2,,,,,-0.811,-0.802,0.0,0.009,,4408,3876,151,151,0,0.0,,
1790361149.1635168,1,ENC,57131,2,,69,77,20,,,,,,,,,,,,,
1790361149.1728773,1,STR,57135,2,,,,,-0.811,-0.802,0.0,0.009,,4408,3876,151,151,0,0.0,,
1790361149.182514,1,ENC,57151,2,,69,77,20,,,,,,,,,,,,,
1790361149.1873598,1,STR,57153,2,,,,,-0.811,-0.802,0.0,0.009,,4408,3876,151,151,0,0.0,,
1790361149.2044554,1,ENC,57171,2,,69,78,20,,,,,,,,,,,,,
1790361149.212849,1,STR,57175,2,,,,,-0.811,-0.802,0.0,0.009,,4408,3876,151,151,0,0.0,,
1790361149.2243571,1,ENC,57191,2,,69,77,20,,,,,,,,,,,,,
1790361149.232723,1,STR,57195,2,,,,,-0.811,-0.802,0.0,0.009,,4408,3876,151,151,0,0.0,,
1790361149.2442737,1,ENC,57211,2,,69,76,20,,,,,,,,,,,,,
1790361149.252631,1,STR,57215,2,,,,,-0.811,-0.802,0.0,0.009,,4408,3876,151,151,0,0.0,,
1790361149.264162,1,ENC,57231,2,,69,78,20,,,,,,,,,,,,,
1790361149.2726336,1,STR,57235,2,,,,,-0.811,-0.802,0.0,0.009,,4408,3876,151,151,0,0.0,,
1790361149.2841346,1,ENC,57251,2,,70,77,20,,,,,,,,,,,,,
1790361149.2927082,1,STR,57255,2,,,,,-0.811,-0.802,0.0,0.009,,4408,3876,151,151,0,0.0,,
1790361149.3028138,1,ENC,57271,2,,68,77,20,,,,,,,,,,,,,
1790361149.3122795,1,STR,57275,2,,,,,-0.811,-0.802,0.0,0.009,,4408,3876,151,151,0,0.0,,
1790361149.3227148,1,ENC,57291,2,,69,76,20,,,,,,,,,,,,,
1790361149.3322268,1,STR,57295,2,,,,,-0.811,-0.802,0.0,0.009,,4408,3876,151,151,0,0.0,,
1790361149.3437726,1,ENC,57311,2,,69,78,20,,,,,,,,,,,,,
1790361149.3521538,1,STR,57315,2,,,,,-0.811,-0.802,0.0,0.009,,4408,3876,151,151,0,0.0,,
1790361149.3636734,1,ENC,57331,2,,69,77,20,,,,,,,,,,,,,
1790361149.371983,1,STR,57335,2,,,,,-0.811,-0.802,0.0,0.009,,4408,3876,151,151,0,0.0,,
1790361149.3835535,1,ENC,57351,2,,69,77,20,,,,,,,,,,,,,
1790361149.3920286,1,STR,57355,2,,,,,-0.811,-0.802,0.0,0.009,,4408,3876,151,151,0,0.0,,
1790361149.4034634,1,ENC,57371,2,,69,77,20,,,,,,,,,,,,,
1790361149.4118626,1,STR,57375,2,,,,,-0.811,-0.802,0.0,0.009,,4408,3876,151,151,0,0.0,,
1790361149.4222069,1,ENC,57391,2,,69,77,20,,,,,,,,,,,,,
1790361149.4315782,1,STR,57395,2,,,,,-0.811,-0.802,0.0,0.009,,4408,3876,151,151,0,0.0,,
1790361149.4421048,1,ENC,57411,2,,70,77,20,,,,,,,,,,,,,
1790361149.4487538,1,STR,57415,2,,,,,-0.811,-0.802,0.0,0.009,,4408,3876,151,151,0,0.0,,
1790361149.4610937,1,ENC,57431,2,,68,77,20,,,,,,,,,,,,,
1790361149.4678066,1,STR,57433,2,,,,,-0.811,-0.802,0.0,0.009,,4408,3876,151,151,0,0.0,,
1790361149.4830575,1,ENC,57451,2,,69,77,20,,,,,,,,,,,,,
1790361149.4914029,1,STR,57455,2,,,,,-0.811,-0.802,0.0,0.009,,4408,3876,151,151,0,0.0,,
1790361149.5029297,1,ENC,57471,2,,69,77,20,,,,,,,,,,,,,
1790361149.5112991,1,STR,57475,2,,,,,-0.811,-0.802,0.0,0.009,,4408,3876,151,151,0,0.0,,
1790361149.5228505,1,ENC,57491,2,,69,77,20,,,,,,,,,,,,,
1790361149.5312004,1,STR,57495,2,,,,,-0.811,-0.802,0.0,0.009,,4408,3876,151,151,0,0.0,,
1790361149.542812,1,ENC,57511,2,,69,77,20,,,,,,,,,,,,,
1790361149.551382,1,STR,57515,2,,,,,-0.811,-0.802,0.0,0.009,,4408,3876,151,151,0,0.0,,
1790361149.5615003,1,ENC,57531,2,,69,77,20,,,,,,,,,,,,,
1790361149.571309,1,STR,57535,2,,,,,-0.808,-0.802,0.202,0.006,,4408,3876,151,151,0,0.243,,
1790361149.5813994,1,ENC,57551,2,,69,77,20,,,,,,,,,,,,,
1790361149.5908554,1,STR,57555,2,,,,,-0.807,-0.802,0.0,0.005,,4408,3876,151,151,0,0.0,,
1790361149.6025696,1,ENC,57571,2,,69,78,20,,,,,,,,,,,,,
1790361149.6110811,1,STR,57575,2,,,,,-0.807,-0.802,0.0,0.005,,4408,3876,151,151,0,0.0,,
1790361149.6223316,1,ENC,57591,2,,69,76,20,,,,,,,,,,,,,
1790361149.6306458,1,STR,57595,2,,,,,-0.807,-0.802,0.0,0.005,,4408,3876,151,151,0,0.0,,
1790361149.6422393,1,ENC,57611,2,,69,77,20,,,,,,,,,,,,,
1790361149.650587,1,STR,57615,2,,,,,-0.807,-0.802,0.0,0.005,,4408,3876,151,151,0,0.0,,
1790361149.6621375,1,ENC,57631,2,,69,77,20,,,,,,,,,,,,,
1790361149.6705086,1,STR,57635,2,,,,,-0.807,-0.802,0.0,0.005,,4408,3876,151,151,0,0.0,,
1790361149.6820831,1,ENC,57651,2,,69,77,20,,,,,,,,,,,,,
1790361149.690656,1,STR,57655,2,,,,,-0.807,-0.802,0.0,0.005,,4408,3876,151,151,0,0.0,,
1790361149.7007463,1,ENC,57671,2,,69,77,20,,,,,,,,,,,,,
1790361149.710204,1,STR,57675,2,,,,,-0.807,-0.802,0.0,0.005,,4408,3876,151,151,0,0.0,,
1790361149.7197762,1,ENC,57691,2,,69,77,20,,,,,,,,,,,,,
1790361149.7246032,1,STR,57693,2,,,,,-0.807,-0.802,0.0,0.005,,4408,3876,151,151,0,0.0,,
1790361149.7417033,1,ENC,57711,2,,68,78,20,,,,,,,,,,,,,
1790361149.750101,1,STR,57715,2,,,,,-0.807,-0.802,0.0,0.005,,4408,3876,151,151,0,0.0,,
1790361149.7616208,1,ENC,57731,2,,70,77,20,,,,,,,,,,,,,
1790361149.7699559,1,STR,57735,2,,,,,-0.807,-0.802,0.0,0.005,,4408,3876,151,151,0,0.0,,
1790361149.7814999,1,ENC,57751,2,,69,76,20,,,,,,,,,,,,,
1790361149.7898765,1,STR,57755,2,,,,,-0.807,-0.802,0.0,0.005,,4408,3876,151,151,0,0.0,,
1790361149.8013923,1,ENC,57771,2,,69,78,20,,,,,,,,,,,,,
1790361149.8097594,1,STR,57775,2,,,,,-0.807,-0.802,0.0,0.005,,4408,3876,151,151,0,0.0,,
1790361149.819944,1,ENC,57791,2,,69,77,20,,,,,,,,,,,,,
1790361149.8293297,1,STR,57795,2,,,,,-0.807,-0.802,0.0,0.005,,4408,3876,151,151,0,0.0,,
1790361149.8398356,1,ENC,57811,2,,69,77,20,,,,,,,,,,,,,
1790361149.8493516,1,STR,57815,2,,,,,-0.807,-0.802,0.0,0.005,,4408,3876,151,151,0,0.0,,
1790361149.8610756,1,ENC,57831,2,,69,77,20,,,,,,,,,,,,,
1790361149.8694766,1,STR,57835,2,,,,,-0.807,-0.802,0.0,0.005,,4408,3876,151,151,0,0.0,,
1790361149.8808923,1,ENC,57851,2,,69,77,20,,,,,,,,,,,,,
1790361149.8894382,1,STR,57855,2,,,,,-0.807,-0.802,0.0,0.005,,4408,3876,151,151,0,0.0,,
1790361149.9007063,1,ENC,57871,2,,69,77,20,,,,,,,,,,,,,
1790361149.9093509,1,STR,57875,2,,,,,-0.807,-0.802,0.0,0.005,,4408,3876,151,151,0,0.0,,
1790361149.9206622,1,ENC,57891,2,,69,77,20,,,,,,,,,,,,,
1790361149.9291263,1,STR,57895,2,,,,,-0.807,-0.802,0.0,0.005,,4408,3876,151,151,0,0.0,,
1790361149.9405375,1,ENC,57911,2,,69,77,20,,,,,,,,,,,,,
1790361149.949119,1,STR,57915,2,,,,,-0.807,-0.802,0.0,0.005,,4408,3876,151,151,0,0.0,,
1790361149.959469,1,ENC,57931,2,,69,77,20,,,,,,,,,,,,,
1790361149.9685876,1,STR,57935,2,,,,,-0.807,-0.802,0.0,0.005,,4408,3876,151,151,0,0.0,,
1790361149.97955,1,ENC,57951,2,,68,77,20,,,,,,,,,,,,,
1790361149.9853003,1,STR,57954,2,,,,,-0.807,-0.802,0.0,0.005,,4408,3876,151,151,0,0.0,,
1790361149.9981067,1,ENC,57971,2,,70,77,20,,,,,,,,,,,,,
1790361150.0066006,1,STR,57973,2,,,,,-0.807,-0.802,0.0,0.005,,4408,3876,151,151,0,0.0,,
1790361150.020027,1,ENC,57991,2,,69,77,20,,,,,,,,,,,,,
1790361150.0284157,1,STR,57995,2,,,,,-0.807,-0.802,0.0,0.005,,4408,3876,151,151,0,0.0,,
1790361150.0387597,1,ENC,58011,2,,68,77,20,,,,,,,,,,,,,
1790361150.0482163,1,STR,58015,2,,,,,-0.807,-0.802,0.0,0.005,,4408,3876,151,151,0,0.0,,
1790361150.0586553,1,ENC,58031,2,,70,77,20,,,,,,,,,,,,,
1790361150.0681615,1,STR,58035,2,,,,,-0.807,-0.802,0.0,0.005,,4408,3876,151,151,0,0.0,,
1790361150.0797606,1,ENC,58051,2,,69,77,20,,,,,,,,,,,,,
1790361150.0880544,1,STR,58055,2,,,,,-0.807,-0.802,0.0,0.005,,4408,3876,151,151,0,0.0,,
1790361150.0996296,1,ENC,58071,2,,69,77,20,,,,,,,,,,,,,
1790361150.108039,1,STR,58075,2,,,,,-0.807,-0.802,0.0,0.005,,4408,3876,151,151,0,0.0,,
1790361150.1196017,1,ENC,58091,2,,69,77,20,,,,,,,,,,,,,
1790361150.1281242,1,STR,58095,2,,,,,-0.807,-0.802,0.0,0.005,,4408,3876,151,151,0,0.0,,
1790361150.13941,1,ENC,58111,2,,68,77,20,,,,,,,,,,,,,
1790361150.1477668,1,STR,58115,2,,,,,-0.807,-0.802,0.0,0.005,,4408,3876,151,151,0,0.0,,
1790361150.1592727,1,ENC,58131,2,,69,77,20,,,,,,,,,,,,,
1790361150.1677547,1,STR,58135,2,,,,,-0.807,-0.802,0.0,0.005,,4408,3876,151,151,0,0.0,,
1790361150.1791756,1,ENC,58151,2,,69,77,20,,,,,,,,,,,,,
1790361150.1876254,1,STR,58155,2,,,,,-0.807,-0.802,0.0,0.005,,4408,3876,151,151,0,0.0,,
1790361150.1990612,1,ENC,58171,2,,69,77,20,,,,,,,,,,,,,
1790361150.2074325,1,STR,58175,2,,,,,-0.807,-0.802,0.0,0.005,,4408,3876,151,151,0,0.0,,
1790361150.2178073,1,ENC,58191,2,,69,77,20,,,,,,,,,,,,,
1790361150.2272701,1,STR,58195,2,,,,,-0.807,-0.802,0.0,0.005,,4408,3876,151,151,0,0.0,,
1790361150.2389042,1,ENC,58211,2,,69,77,20,,,,,,,,,,,,,
1790361150.2473745,1,STR,58215,2,,,,,-0.807,-0.802,0.0,0.005,,4408,3876,151,151,0,0.0,,
1790361150.2569156,1,ENC,58231,2,,69,77,20,,,,,,,,,,,,,
1790361150.261575,1,STR,58233,2,,,,,-0.809,-0.802,0.0,0.007,,4408,3876,151,151,0,0.0,,
1790361150.2787533,1,ENC,58251,2,,69,78,20,,,,,,,,,,,,,
1790361150.287415,1,STR,58255,2,,,,,-0.809,-0.802,0.0,0.007,,4408,3876,151,151,0,0.0,,
1790361150.2975273,1,ENC,58271,2,,69,77,20,,,,,,,,,,,,,
1790361150.307336,1,STR,58275,2,,,,,-0.806,-0.802,0.202,0.004,,4408,3876,151,151,0,0.243,,
1790361150.3174467,1,ENC,58291,2,,69,76,20,,,,,,,,,,,,,
1790361150.3268523,1,STR,58295,2,,,,,-0.805,-0.802,0.0,0.003,,4408,3876,151,151,0,0.0,,
1790361150.3384466,1,ENC,58311,2,,69,78,20,,,,,,,,,,,,,
1790361150.3467565,1,STR,58315,2,,,,,-0.805,-0.802,0.0,0.003,,4408,3876,151,151,0,0.0,,
1790361150.358325,1,ENC,58331,2,,69,77,20,,,,,,,,,,,,,
1790361150.3666763,1,STR,58335,2,,,,,-0.805,-0.802,0.0,0.003,,4408,3876,151,151,0,0.0,,
1790361150.3783343,1,ENC,58351,2,,69,77,20,,,,,,,,,,,,,
1790361150.3869283,1,STR,58355,2,,,,,-0.805,-0.802,0.0,0.003,,4408,3876,151,151,0,0.0,,
1790361150.3981097,1,ENC,58371,2,,69,77,20,,,,,,,,,,,,,
1790361150.4064553,1,STR,58375,2,,,,,-0.805,-0.802,0.0,0.003,,4408,3876,151,151,0,0.0,,
1790361150.4180264,1,ENC,58391,2,,69,77,20,,,,,,,,,,,,,
1790361150.4264662,1,STR,58395,2,,,,,-0.805,-0.802,0.0,0.003,,4408,3876,151,151,0,0.0,,
1790361150.43796,1,ENC,58411,2,,69,77,20,,,,,,,,,,,,,
1790361150.446446,1,STR,58415,2,,,,,-0.805,-0.802,0.0,0.003,,4408,3876,151,151,0,0.0,,
1790361150.4567416,1,ENC,58431,2,,69,77,20,,,,,,,,,,,,,
1790361150.4661603,1,STR,58435,2,,,,,-0.805,-0.802,0.0,0.003,,4408,3876,151,151,0,0.0,,
1790361150.4777062,1,ENC,58451,2,,69,77,20,,,,,,,,,,,,,
1790361150.4859946,1,STR,58455,2,,,,,-0.805,-0.802,0.0,0.003,,4408,3876,151,151,0,0.0,,
1790361150.4976146,1,ENC,58471,2,,69,77,20,,,,,,,,,,,,,
1790361150.5062017,1,STR,58475,2,,,,,-0.805,-0.802,0.0,0.003,,4408,3876,151,151,0,0.0,,
1790361150.5169477,1,ENC,58491,2,,68,77,20,,,,,,,,,,,,,
1790361150.523,1,STR,58494,2,,,,,-0.808,-0.802,-0.22,0.006,,4408,3876,151,151,0,-0.264,,
1790361150.5353765,1,ENC,58511,2,,70,77,20,,,,,,,,,,,,,
1790361150.5440278,1,STR,58513,2,,,,,-0.809,-0.802,0.0,0.007,,4408,3876,151,151,0,0.0,,
1790361150.5561316,1,ENC,58531,2,,68,77,20,,,,,,,,,,,,,
1790361150.5656245,1,STR,58535,2,,,,,-0.809,-0.802,0.0,0.007,,4408,3876,151,151,0,0.0,,
1790361150.5761108,1,ENC,58551,2,,69,77,20,,,,,,,,,,,,,
1790361150.5855463,1,STR,58555,2,,,,,-0.809,-0.802,0.0,0.007,,4408,3876,151,151,0,0.0,,
1790361150.5971014,1,ENC,58571,2,,70,77,20,,,,,,,,,,,,,
1790361150.6055555,1,STR,58575,2,,,,,-0.809,-0.802,0.0,0.007,,4408,3876,151,151,0,0.0,,
1790361150.6170266,1,ENC,58591,2,,69,77,20,,,,,,,,,,,,,
1790361150.625372,1,STR,58595,2,,,,,-0.812,-0.802,0.0,0.009,,4408,3876,151,151,0,0.0,,
1790361150.637012,1,ENC,58611,2,,69,78,20,,,,,,,,,,,,,
1790361150.6473448,1,STR,58615,2,,,,,-0.813,-0.802,-0.22,0.01,,4465,3942,151,151,0,-0.264,,
1790361150.656811,1,ENC,58631,2,,68,76,20,,,,,,,,,,,,,
1790361150.66531,1,STR,58635,2,,,,,-0.816,-0.802,0.0,0.014,,4605,4108,151,151,0,0.0,,
1790361150.6756732,1,ENC,58651,2,,69,76,20,,,,,,,,,,,,,
1790361150.6856441,1,STR,58655,2,,,,,-0.816,-0.802,0.0,0.014,,4744,4274,151,151,0,0.0,,
1790361150.6970408,1,ENC,58671,2,,66,75,20,,,,,,,,,,,,,
1790361150.7057106,1,STR,58675,2,,,,,-0.816,-0.802,0.0,0.014,,4883,4441,151,151,0,0.0,,
1790361150.7158263,1,ENC,58691,2,,64,73,20,,,,,,,,,,,,,
1790361150.7252498,1,STR,58695,2,,,,,-0.816,-0.802,0.0,0.014,,5023,4607,151,151,0,0.0,,
1790361150.7368355,1,ENC,58711,2,,62,72,20,,,,,,,,,,,,,
1790361150.7453418,1,STR,58715,2,,,,,-0.816,-0.802,0.0,0.014,,5163,4773,151,151,0,0.0,,
1790361150.756712,1,ENC,58731,2,,59,68,20,,,,,,,,,,,,,
1790361150.7653797,1,STR,58735,2,,,,,-0.816,-0.802,0.0,0.014,,5274,4906,151,151,0,0.0,,
1790361150.7765608,1,ENC,58751,2,,56,66,20,,,,,,,,,,,,,
1790361150.785101,1,STR,58755,2,,,,,-0.816,-0.802,0.0,0.014,,5414,5072,151,151,0,0.0,,
1790361150.7944233,1,ENC,58771,2,,52,63,20,,,,,,,,,,,,,
1790361150.799756,1,STR,58773,2,,,,,-0.816,-0.802,0.0,0.014,,5497,5172,151,151,0,0.0,,
1790361150.8147771,1,ENC,58791,2,,50,60,20,,,,,,,,,,,,,
1790361150.8242354,1,STR,58795,2,,,,,-0.816,-0.802,0.0,0.014,,5637,5338,151,151,0,0.0,,
1790361150.8346727,1,ENC,58811,2,,46,56,20,,,,,,,,,,,,,
1790361150.8442996,1,STR,58815,2,,,,,-0.816,-0.802,0.0,0.014,,5721,5438,151,151,0,0.0,,
1790361150.8557363,1,ENC,58831,2,,43,54,20,,,,,,,,,,,,,
1790361150.8640215,1,STR,58835,2,,,,,-0.816,-0.802,0.0,0.014,,5832,5571,151,151,0,0.0,,
1790361150.8757007,1,ENC,58851,2,,40,51,20,,,,,,,,,,,,,
1790361150.8843746,1,STR,58855,2,,,,,-0.816,-0.802,0.0,0.014,,5917,5670,151,151,0,0.0,,
1790361150.8956544,1,ENC,58871,2,,38,47,20,,,,,,,,,,,,,
1790361150.904282,1,STR,58875,2,,,,,-0.816,-0.802,0.0,0.014,,6000,5770,151,151,0,0.0,,
1790361150.9154644,1,ENC,58891,2,,35,45,20,,,,,,,,,,,,,
1790361150.9240112,1,STR,58895,2,,,,,-0.816,-0.802,0.0,0.014,,6083,5870,151,151,0,0.0,,
1790361150.9353619,1,ENC,58911,2,,32,42,20,,,,,,,,,,,,,
1790361150.943808,1,STR,58915,2,,,,,-0.816,-0.802,0.0,0.014,,6167,5970,151,151,0,0.0,,
1790361150.9552865,1,ENC,58931,2,,31,38,20,,,,,,,,,,,,,
1790361150.9639783,1,STR,58935,2,,,,,-0.816,-0.802,0.0,0.014,,6223,6036,151,151,0,0.0,,
1790361150.973987,1,ENC,58951,2,,27,37,20,,,,,,,,,,,,,
1790361150.983497,1,STR,58955,2,,,,,-0.816,-0.802,0.0,0.014,,6279,6103,151,151,0,0.0,,
1790361150.9950361,1,ENC,58971,2,,26,34,20,,,,,,,,,,,,,
1790361151.0033813,1,STR,58975,2,,,,,-0.816,-0.802,0.0,0.014,,6363,6202,151,151,0,0.0,,
1790361151.0149395,1,ENC,58991,2,,24,31,20,,,,,,,,,,,,,
1790361151.0236337,1,STR,58995,2,,,,,-0.816,-0.802,0.0,0.014,,6418,6269,151,151,0,0.0,,
1790361151.0348125,1,ENC,59011,2,,22,29,20,,,,,,,,,,,,,
1790361151.0433414,1,STR,59015,2,,,,,-0.816,-0.802,0.0,0.014,,6446,6302,151,151,0,0.0,,
1790361151.0547426,1,ENC,59031,2,,20,27,20,,,,,,,,,,,,,
1790361151.0615807,1,STR,59035,2,,,,,-0.816,-0.802,0.0,0.014,,6502,6369,151,151,0,0.0,,
1790361151.0725627,1,ENC,59051,2,,19,25,20,,,,,,,,,,,,,
1790361151.07842,1,STR,59053,2,,,,,-0.816,-0.802,0.0,0.014,,6530,6402,151,151,0,0.0,,
1790361151.0933464,1,ENC,59071,2,,17,23,20,,,,,,,,,,,,,
1790361151.102871,1,STR,59075,2,,,,,-0.816,-0.802,0.0,0.014,,6586,6468,151,151,0,0.0,,
1790361151.1144044,1,ENC,59091,2,,16,22,20,,,,,,,,,,,,,
1790361151.122748,1,STR,59095,2,,,,,-0.816,-0.802,0.0,0.014,,6614,6501,151,151,0,0.0,,
1790361151.134292,1,ENC,59111,2,,15,19,20,,,,,,,,,,,,,
1790361151.1425743,1,STR,59115,2,,,,,-0.816,-0.802,0.0,0.014,,6641,6535,151,151,0,0.0,,
1790361151.1542375,1,ENC,59131,2,,14,19,20,,,,,,,,,,,,,
1790361151.1628904,1,STR,59135,2,,,,,-0.816,-0.802,0.0,0.014,,6641,6535,151,151,0,0.0,,
1790361151.1729214,1,ENC,59151,2,,13,17,20,,,,,,,,,,,,,
1790361151.1824222,1,STR,59155,2,,,,,-0.816,-0.802,0.0,0.014,,6670,6568,151,151,0,0.0,,
1790361151.1939719,1,ENC,59171,2,,12,16,20,,,,,,,,,,,,,
1790361151.202483,1,STR,59175,2,,,,,-0.816,-0.802,0.0,0.014,,6670,6568,151,151,0,0.0,,
1790361151.2139554,1,ENC,59191,2,,12,15,20,,,,,,,,,,,,,
1790361151.2225544,1,STR,59195,2,,,,,-0.816,-0.802,0.0,0.014,,6670,6568,151,151,0,0.0,,
1790361151.2337396,1,ENC,59211,2,,11,14,20,,,,,,,,,,,,,
1790361151.2422585,1,STR,59215,2,,,,,-0.816,-0.802,0.0,0.014,,6670,6568,151,151,0,0.0,,
1790361151.253621,1,ENC,59231,2,,12,14,20,,,,,,,,,,,,,
1790361151.2619705,1,STR,59235,2,,,,,-0.816,-0.802,0.0,0.014,,6670,6568,151,151,0,0.0,,
1790361151.2735865,1,ENC,59251,2,,11,13,20,,,,,,,,,,,,,
1790361151.2822073,1,STR,59255,2,,,,,-0.816,-0.802,0.0,0.014,,6670,6568,151,151,0,0.0,,
1790361151.293415,1,ENC,59271,2,,11,13,20,,,,,,,,,,,,,
1790361151.3019192,1,STR,59275,2,,,,,-0.816,-0.802,0.0,0.014,,6698,6601,151,151,0,0.0,,
1790361151.3121355,1,ENC,59291,2,,10,12,20,,,,,,,,,,,,,
1790361151.3217483,1,STR,59295,2,,,,,-0.816,-0.802,0.0,0.014,,6698,6601,151,151,0,0.0,,
1790361151.3311496,1,ENC,59311,2,,11,11,20,,,,,,,,,,,,,
1790361151.3365824,1,STR,59313,2,,,,,-0.816,-0.802,0.0,0.014,,6698,6601,151,151,0,0.0,,
1790361151.3530962,1,ENC,59331,2,,10,12,20,,,,,,,,,,,,,
1790361151.3616264,1,STR,59335,2,,,,,-0.816,-0.802,0.0,0.014,,6698,6601,151,151,0,0.0,,
1790361151.3729708,1,ENC,59351,2,,11,11,20,,,,,,,,,,,,,
1790361151.3814404,1,STR,59355,2,,,,,-0.816,-0.802,0.0,0.014,,6698,6601,151,151,0,0.0,,
1790361151.3928692,1,ENC,59371,2,,10,12,20,,,,,,,,,,,,,
1790361151.4012244,1,STR,59375,2,,,,,-0.816,-0.802,0.0,0.014,,6698,6601,151,151,0,0.0,,
1790361151.412776,1,ENC,59391,2,,10,11,20,,,,,,,,,,,,,
1790361151.4213111,1,STR,59395,2,,,,,-0.816,-0.802,0.0,0.014,,6698,6601,151,151,0,0.0,,
1790361151.4315035,1,ENC,59411,2,,10,10,20,,,,,,,,,,,,,
1790361151.4410071,1,STR,59415,2,,,,,-0.816,-0.802,0.0,0.014,,6726,6634,151,151,0,0.0,,
1790361151.4525688,1,ENC,59431,2,,10,11,20,,,,,,,,,,,,,
1790361151.46107,1,STR,59435,2,,,,,-0.816,-0.802,0.0,0.014,,6726,6634,151,151,0,0.0,,
1790361151.4724493,1,ENC,59451,2,,9,11,20,,,,,,,,,,,,,
1790361151.480734,1,STR,59455,2,,,,,-0.816,-0.802,0.0,0.014,,6726,6634,151,151,0,0.0,,
1790361151.4923363,1,ENC,59471,2,,10,10,20,,,,,,,,,,,,,
1790361151.5007951,1,STR,59475,2,,,,,-0.816,-0.802,0.0,0.014,,6726,6634,151,151,0,0.0,,
1790361151.510966,1,ENC,59491,2,,9,10,20,,,,,,,,,,,,,
1790361151.5205746,1,STR,59495,2,,,,,-0.816,-0.802,0.0,0.014,,6726,6634,151,151,0,0.0,,
1790361151.5321434,1,ENC,59511,2,,10,10,20,,,,,,,,,,,,,
1790361151.5408092,1,STR,59515,2,,,,,-0.816,-0.802,0.0,0.014,,6726,6634,151,151,0,0.0,,
1790361151.550747,1,ENC,59531,2,,9,10,20,,,,,,,,,,,,,
1790361151.560388,1,STR,59535,2,,,,,-0.816,-0.802,0.0,0.014,,6726,6634,151,151,0,0.0,,
1790361151.5707219,1,ENC,59551,2,,10,10,20,,,,,,,,,,,,,
1790361151.5802515,1,STR,59555,2,,,,,-0.816,-0.802,0.0,0.014,,6753,6668,151,151,0,0.0,,
1790361151.590545,1,ENC,59571,2,,9,10,20,,,,,,,,,,,,,
1790361151.5993,1,STR,59575,2,,,,,-0.816,-0.802,0.0,0.014,,6753,6668,151,151,0,0.0,,
1790361151.6094282,1,ENC,59591,2,,9,9,20,,,,,,,,,,,,,
1790361151.614356,1,STR,59593,2,,,,,-0.816,-0.802,0.0,0.014,,6753,6668,151,151,0,0.0,,
1790361151.630234,1,ENC,59611,2,,9,9,20,,,,,,,,,,,,,
1790361151.6400232,1,STR,59615,2,,,,,-0.816,-0.802,0.0,0.014,,6753,6668,151,151,0,0.0,,
1790361151.6502461,1,ENC,59631,2,,9,10,20,,,,,,,,,,,,,
1790361151.6597965,1,STR,59635,2,,,,,-0.816,-0.802,0.0,0.014,,6753,6668,151,151,0,0.0,,
1790361151.670014,1,ENC,59651,2,,9,9,20,,,,,,,,,,,,,
1790361151.6798365,1,STR,59655,2,,,,,-0.816,-0.802,0.0,0.014,,6753,6668,151,151,0,0.0,,
1790361151.6899066,1,ENC,59671,2,,9,9,20,,,,,,,,,,,,,
1790361151.6997263,1,STR,59675,2,,,,,-0.816,-0.802,0.0,0.014,,6753,6668,151,151,0,0.0,,
1790361151.7097995,1,ENC,59691,2,,8,9,20,,,,,,,,,,,,,
1790361151.719595,1,STR,59695,2,,,,,-0.816,-0.802,0.0,0.014,,6753,6668,151,151,0,0.0,,
1790361151.7298446,1,ENC,59711,2,,9,9,20,,,,,,,,,,,,,
1790361151.7393825,1,STR,59715,2,,,,,-0.816,-0.802,0.0,0.014,,6781,6701,151,151,0,0.0,,
1790361151.7495954,1,ENC,59731,2,,8,9,20,,,,,,,,,,,,,
1790361151.7592235,1,STR,59735,2,,,,,-0.816,-0.802,0.0,0.014,,6781,6701,151,151,0,0.0,,
1790361151.7694812,1,ENC,59751,2,,9,9,20,,,,,,,,,,,,,
1790361151.7791524,1,STR,59755,2,,,,,-0.816,-0.802,0.0,0.014,,6781,6701,151,151,0,0.0,,
1790361151.7894168,1,ENC,59771,2,,8,9,20,,,,,,,,,,,,,
1790361151.7990417,1,STR,59775,2,,,,,-0.816,-0.802,0.0,0.014,,6781,6701,151,151,0,0.0,,
1790361151.8092551,1,ENC,59791,2,,8,8,20,,,,,,,,,,,,,
1790361151.8189604,1,STR,59795,2,,,,,-0.816,-0.802,0.0,0.014,,6781,6701,151,151,0,0.0,,
1790361151.8291476,1,ENC,59811,0,,8,8,20,,,,,,,,,,,,,
1790361151.838751,1,STR,59815,2,,,,,-0.816,-0.802,0.0,0.014,,7199,7199,151,151,0,0.0,,
1790361151.8490644,1,ENC,59831,0,,4,6,20,,,,,,,,,,,,,
1790361151.8587582,1,STR,59835,2,,,,,-0.816,-0.802,0.0,0.014,,7199,7199,151,151,0,0.0,,
1790361151.8679996,1,ENC,59851,0,,2,4,20,,,,,,,,,,,,,
1790361151.872834,1,STR,59853,2,,,,,-0.816,-0.802,0.0,0.014,,7199,7199,151,151,0,0.0,,
1790361151.8888137,1,ENC,59871,0,,2,2,20,,,,,,,,,,,,,
1790361151.898429,1,STR,59875,2,,,,,-0.816,-0.802,0.0,0.014,,7199,7199,151,151,0,0.0,,
1790361151.9087114,1,ENC,59891,0,,0,1,20,,,,,,,,,,,,,
1790361151.9184108,1,STR,59895,2,,,,,-0.816,-0.802,0.0,0.014,,7199,7199,151,151,0,0.0,,
1790361151.928612,1,ENC,59911,0,,0,1,20,,,,,,,,,,,,,
1790361151.9382343,1,STR,59915,2,,,,,-0.816,-0.802,0.0,0.014,,7199,7199,151,151,0,0.0,,
1790361151.9485154,1,ENC,59931,0,,0,0,20,,,,,,,,,,,,,
1790361151.9581358,1,STR,59935,2,,,,,-0.816,-0.802,0.0,0.014,,7199,7199,151,151,0,0.0,,
1790361151.9684212,1,ENC,59951,0,,0,0,20,,,,,,,,,,,,,
1790361151.978034,1,STR,59955,2,,,,,-0.816,-0.802,0.0,0.014,,7199,7199,151,151,0,0.0,,
1790361151.988457,1,ENC,59971,0,,0,0,20,,,,,,,,,,,,,
1790361151.997928,1,STR,59975,2,,,,,-0.816,-0.802,0.0,0.014,,7199,7199,151,151,0,0.0,,
1790361152.008204,1,ENC,59991,0,,0,0,20,,,,,,,,,,,,,
1790361152.0178323,1,STR,59995,2,,,,,-0.816,-0.802,0.0,0.014,,7199,7199,151,151,0,0.0,,
1790361152.028092,1,ENC,60011,0,,0,0,20,,,,,,,,,,,,,
1790361152.0377676,1,STR,60015,2,,,,,-0.816,-0.802,0.0,0.014,,7199,7199,151,151,0,0.0,,
1790361152.0480113,1,ENC,60031,0,,0,0,20,,,,,,,,,,,,,
1790361152.0575888,1,STR,60035,2,,,,,-0.816,-0.802,0.0,0.014,,7199,7199,151,151,0,0.0,,
1790361152.067862,1,ENC,60051,0,,0,0,20,,,,,,,,,,,,,
1790361152.0775397,1,STR,60055,2,,,,,-0.816,-0.802,0.0,0.014,,7199,7199,151,151,0,0.0,,
1790361152.08776,1,ENC,60071,0,,0,0,20,,,,,,,,,,,,,
1790361152.0974247,1,STR,60075,2,,,,,-0.816,-0.802,0.0,0.014,,7199,7199,151,151,0,0.0,,
1790361152.1076486,1,ENC,60091,0,,0,0,20,,,,,,,,,,,,,
1790361152.1173701,1,STR,60095,2,,,,,-0.816,-0.802,0.0,0.014,,7199,7199,151,151,0,0.0,,
1790361152.1266518,1,ENC,60111,0,,0,0,20,,,,,,,,,,,,,
1790361152.1474319,1,ENC,60131,0,,0,0,20,,,,,,,,,,,,,
1790361152.1673224,1,ENC,60151,0,,0,0,20,,,,,,,,,,,,,
1790361152.187236,1,ENC,60171,0,,0,0,20,,,,,,,,,,,,,
1790361152.207127,1,ENC,60191,0,,0,0,20,,,,,,,,,,,,,
1790361152.2269957,1,ENC,60211,0,,0,0,20,,,,,,,,,,,,,
1790361152.247014,1,ENC,60231,0,,0,0,20,,,,,,,,,,,,,
1790361152.2667725,1,ENC,60251,0,,0,0,20,,,,,,,,,,,,,
1790361152.2866728,1,ENC,60271,0,,0,0,20,,,,,,,,,,,,,
1790361152.3067515,1,ENC,60291,0,,0,0,20,,,,,,,,,,,,,
1790361152.3255918,1,ENC,60311,0,,0,0,20,,,,,,,,,,,,,
1790361152.346379,1,ENC,60331,0,,0,0,20,,,,,,,,,,,,,
1790361152.3662832,1,ENC,60351,0,,0,0,20,,,,,,,,,,,,,
1790361152.3861775,1,ENC,60371,0,,0,0,20,,,,,,,,,,,,,
1790361152.4060748,1,ENC,60391,0,,0,0,20,,,,,,,,,,,,,
1790361152.4259593,1,ENC,60411,0,,0,0,20,,,,,,,,,,,,,
1790361152.4458544,1,ENC,60431,0,,0,0,20,,,,,,,,,,,,,
1790361152.4657416,1,ENC,60451,0,,0,0,20,,,,,,,,,,,,,
1790361152.485644,1,ENC,60471,0,,0,0,20,,,,,,,,,,,,,
1790361152.505535,1,ENC,60491,0,,0,0,20,,,,,,,,,,,,,
1790361152.5245337,1,ENC,60511,0,,0,0,20,,,,,,,,,,,,,
1790361152.5453107,1,ENC,60531,0,,0,0,20,,,,,,,,,,,,,
1790361152.5652678,1,ENC,60551,0,,0,0,20,,,,,,,,,,,,,
1790361152.5851007,1,ENC,60571,0,,0,0,20,,,,,,,,,,,,,
1790361152.6049654,1,ENC,60591,0,,0,0,20,,,,,,,,,,,,,
1790361152.624998,1,ENC,60611,0,,0,0,20,,,,,,,,,,,,,
1790361152.6447897,1,ENC,60631,0,,0,0,20,,,,,,,,,,,,,
1790361152.6646538,1,ENC,60651,0,,0,0,20,,,,,,,,,,,,,
1790361152.684545,1,ENC,60671,0,,0,0,20,,,,,,,,,,,,,
1790361152.7044747,1,ENC,60691,0,,0,0,20,,,,,,,,,,,,,
1790361152.723464,1,ENC,60711,0,,0,0,20,,,,,,,,,,,,,
1790361152.7442176,1,ENC,60731,0,,0,0,20,,,,,,,,,,,,,
1790361152.7641375,1,ENC,60751,0,,0,0,20,,,,,,,,,,,,,
1790361152.7840326,1,ENC,60771,0,,0,0,20,,,,,,,,,,,,,
1790361152.8039138,1,ENC,60791,0,,0,0,20,,,,,,,,,,,,,
1790361152.8238072,1,ENC,60811,0,,0,0,20,,,,,,,,,,,,,
1790361152.843725,1,ENC,60831,0,,0,0,20,,,,,,,,,,,,,
1790361152.8635921,1,ENC,60851,0,,0,0,20,,,,,,,,,,,,,
1790361152.88357,1,ENC,60871,0,,0,0,20,,,,,,,,,,,,,
1790361152.9033904,1,ENC,60891,0,,0,0,20,,,,,,,,,,,,,
1790361152.9223638,1,ENC,60911,0,,0,0,20,,,,,,,,,,,,,
1790361152.943282,1,ENC,60931,0,,0,0,20,,,,,,,,,,,,,
1790361152.963044,1,ENC,60951,0,,0,0,20,,,,,,,,,,,,,
1790361152.982944,1,ENC,60971,0,,0,0,20,,,,,,,,,,,,,
1790361153.0028093,1,ENC,60991,0,,0,0,20,,,,,,,,,,,,,
1790361153.0226927,1,ENC,61011,0,,0,0,20,,,,,,,,,,,,,
1790361153.0426238,1,ENC,61031,0,,0,0,20,,,,,,,,,,,,,
1790361153.06247,1,ENC,61051,0,,0,0,20,,,,,,,,,,,,,
1790361153.082348,1,ENC,61071,0,,0,0,20,,,,,,,,,,,,,
1790361153.1022856,1,ENC,61091,0,,0,0,20,,,,,,,,,,,,,
1790361153.1212416,1,ENC,61111,0,,0,0,20,,,,,,,,,,,,,
