host_time,session_id,record_type,stm_tick_ms,command_id,command,motor_a_delta,motor_b_delta,sample_dt_ms,yaw_deg,target_deg,yaw_rate_dps,turn_error_deg,turn_effort,left_pwm,right_pwm,servo_ccr,servo_center_ccr,servo_offset_ccr,steer_cmd_percent,turn_phase,fault_code,control_tick_ms,control_dt_ms,cps_a_f,cps_b_f,wheel_speed_error_cps,wheel_pi_i_acc,wheel_pi_i_limit,wheel_pi_off,drive_percent,steer_kp,steer_ki,steer_kd,steer_p_percent,steer_i_percent,steer_d_percent,steer_corr_percent
1790825652.8422346,1,ENC,6291,0,,0,0,20,,,,,,,,,,,,,,,,,,,,,,,,,,,,,
1790825652.8619952,1,ENC,6311,0,,0,0,20,,,,,,,,,,,,,,,,,,,,,,,,,,,,,
1790825652.881877,1,ENC,6331,0,,0,0,20,,,,,,,,,,,,,,,,,,,,,,,,,,,,,
1790825652.901779,1,ENC,6351,0,,0,0,20,,,,,,,,,,,,,,,,,,,,,,,,,,,,,
1790825652.9218242,1,ENC,6371,0,,0,0,20,,,,,,,,,,,,,,,,,,,,,,,,,,,,,
1790825652.9406996,1,ENC,6391,0,,0,0,20,,,,,,,,,,,,,,,,,,,,,,,,,,,,,
1790825652.9614835,1,ENC,6411,0,,0,0,20,,,,,,,,,,,,,,,,,,,,,,,,,,,,,
1790825652.981414,1,ENC,6431,0,,0,0,20,,,,,,,,,,,,,,,,,,,,,,,,,,,,,
1790825653.0013177,1,ENC,6451,0,,0,0,20,,,,,,,,,,,,,,,,,,,,,,,,,,,,,
1790825653.021208,1,ENC,6471,0,,0,0,20,,,,,,,,,,,,,,,,,,,,,,,,,,,,,
1790825653.041103,1,ENC,6491,0,,0,0,20,,,,,,,,,,,,,,,,,,,,,,,,,,,,,
1790825653.0611691,1,ENC,6511,0,,0,0,20,,,,,,,,,,,,,,,,,,,,,,,,,,,,,
1790825653.0809133,1,ENC,6531,0,,0,0,20,,,,,,,,,,,,,,,,,,,,,,,,,,,,,
1790825653.1008227,1,ENC,6551,0,,0,0,20,,,,,,,,,,,,,,,,,,,,,,,,,,,,,
1790825653.120725,1,ENC,6571,0,,0,0,20,,,,,,,,,,,,,,,,,,,,,,,,,,,,,
1790825653.1397398,1,ENC,6591,0,,0,0,20,,,,,,,,,,,,,,,,,,,,,,,,,,,,,
1790825653.1605346,1,ENC,6611,0,,0,0,20,,,,,,,,,,,,,,,,,,,,,,,,,,,,,
1790825653.1804326,1,ENC,6631,0,,0,0,20,,,,,,,,,,,,,,,,,,,,,,,,,,,,,
1790825653.2004743,1,ENC,6651,0,,0,0,20,,,,,,,,,,,,,,,,,,,,,,,,,,,,,
1790825653.2202587,1,ENC,6671,0,,0,0,20,,,,,,,,,,,,,,,,,,,,,,,,,,,,,
1790825653.2401738,1,ENC,6691,0,,0,0,20,,,,,,,,,,,,,,,,,,,,,,,,,,,,,
1790825653.2600977,1,ENC,6711,0,,0,0,20,,,,,,,,,,,,,,,,,,,,,,,,,,,,,
1790825653.2799866,1,ENC,6731,0,,0,0,20,,,,,,,,,,,,,,,,,,,,,,,,,,,,,
1790825653.2998948,1,ENC,6751,0,,0,0,20,,,,,,,,,,,,,,,,,,,,,,,,,,,,,
1790825653.3198159,1,ENC,6771,0,,0,0,20,,,,,,,,,,,,,,,,,,,,,,,,,,,,,
1790825653.338875,1,ENC,6791,0,,0,0,20,,,,,,,,,,,,,,,,,,,,,,,,,,,,,
1790825653.3596222,1,ENC,6811,0,,0,0,20,,,,,,,,,,,,,,,,,,,,,,,,,,,,,
1790825653.3795357,1,ENC,6831,0,,0,0,20,,,,,,,,,,,,,,,,,,,,,,,,,,,,,
1790825653.3994648,1,ENC,6851,0,,0,0,20,,,,,,,,,,,,,,,,,,,,,,,,,,,,,
1790825653.4194853,1,ENC,6871,0,,0,0,20,,,,,,,,,,,,,,,,,,,,,,,,,,,,,
1790825653.439256,1,ENC,6891,0,,0,0,20,,,,,,,,,,,,,,,,,,,,,,,,,,,,,
1790825653.4592078,1,ENC,6911,0,,0,0,20,,,,,,,,,,,,,,,,,,,,,,,,,,,,,
1790825653.4792118,1,ENC,6931,0,,0,0,20,,,,,,,,,,,,,,,,,,,,,,,,,,,,,
1790825653.499106,1,ENC,6951,0,,0,0,20,,,,,,,,,,,,,,,,,,,,,,,,,,,,,
1790825653.5190496,1,ENC,6971,0,,0,0,20,,,,,,,,,,,,,,,,,,,,,,,,,,,,,
1790825653.5380578,1,ENC,6991,0,,0,0,20,,,,,,,,,,,,,,,,,,,,,,,,,,,,,
1790825653.5589588,1,ENC,7011,0,,0,0,20,,,,,,,,,,,,,,,,,,,,,,,,,,,,,
1790825653.5787818,1,ENC,7031,0,,0,0,20,,,,,,,,,,,,,,,,,,,,,,,,,,,,,
1790825653.5986583,1,ENC,7051,0,,0,0,20,,,,,,,,,,,,,,,,,,,,,,,,,,,,,
1790825653.6185775,1,ENC,7071,0,,0,0,20,,,,,,,,,,,,,,,,,,,,,,,,,,,,,
1790825653.638613,1,ENC,7091,0,,0,0,20,,,,,,,,,,,,,,,,,,,,,,,,,,,,,
1790825653.6584551,1,ENC,7111,0,,0,0,20,,,,,,,,,,,,,,,,,,,,,,,,,,,,,
1790825653.6783419,1,ENC,7131,0,,0,0,20,,,,,,,,,,,,,,,,,,,,,,,,,,,,,
1790825653.6982164,1,ENC,7151,0,,0,0,20,,,,,,,,,,,,,,,,,,,,,,,,,,,,,
1790825653.718147,1,ENC,7171,0,,0,0,20,,,,,,,,,,,,,,,,,,,,,,,,,,,,,
1790825653.737182,1,ENC,7191,0,,0,0,20,,,,,,,,,,,,,,,,,,,,,,,,,,,,,
1790825653.7579587,1,ENC,7211,0,,0,0,20,,,,,,,,,,,,,,,,,,,,,,,,,,,,,
1790825653.7780216,1,ENC,7231,0,,0,0,20,,,,,,,,,,,,,,,,,,,,,,,,,,,,,
1790825653.797824,1,ENC,7251,0,,0,0,20,,,,,,,,,,,,,,,,,,,,,,,,,,,,,
1790825653.8177319,1,ENC,7271,0,,0,0,20,,,,,,,,,,,,,,,,,,,,,,,,,,,,,
1790825653.8376799,1,ENC,7291,0,,0,0,20,,,,,,,,,,,,,,,,,,,,,,,,,,,,,
1790825653.8577132,1,ENC,7311,0,,0,0,20,,,,,,,,,,,,,,,,,,,,,,,,,,,,,
1790825653.8774428,1,ENC,7331,0,,0,0,20,,,,,,,,,,,,,,,,,,,,,,,,,,,,,
1790825653.8973618,1,ENC,7351,0,,0,0,20,,,,,,,,,,,,,,,,,,,,,,,,,,,,,
1790825653.9172978,1,ENC,7371,0,,0,0,20,,,,,,,,,,,,,,,,,,,,,,,,,,,,,
1790825653.9362698,1,ENC,7391,0,,0,0,20,,,,,,,,,,,,,,,,,,,,,,,,,,,,,
1790825653.9570696,1,ENC,7411,0,,0,0,20,,,,,,,,,,,,,,,,,,,,,,,,,,,,,
1790825653.9769907,1,ENC,7431,0,,0,0,20,,,,,,,,,,,,,,,,,,,,,,,,,,,,,
1790825653.997042,1,ENC,7451,0,,0,0,20,,,,,,,,,,,,,,,,,,,,,,,,,,,,,
1790825654.0168436,1,ENC,7471,0,,0,0,20,,,,,,,,,,,,,,,,,,,,,,,,,,,,,
1790825654.0367403,1,ENC,7491,0,,0,0,20,,,,,,,,,,,,,,,,,,,,,,,,,,,,,
1790825654.0566838,1,ENC,7511,0,,0,0,20,,,,,,,,,,,,,,,,,,,,,,,,,,,,,
1790825654.0766695,1,ENC,7531,0,,0,0,20,,,,,,,,,,,,,,,,,,,,,,,,,,,,,
1790825654.0965047,1,ENC,7551,0,,0,0,20,,,,,,,,,,,,,,,,,,,,,,,,,,,,,
1790825654.116503,1,ENC,7571,0,,0,0,20,,,,,,,,,,,,,,,,,,,,,,,,,,,,,
1790825654.135839,1,ENC,7591,0,,0,0,20,,,,,,,,,,,,,,,,,,,,,,,,,,,,,
1790825654.1562457,1,ENC,7611,0,,0,0,20,,,,,,,,,,,,,,,,,,,,,,,,,,,,,
1790825654.1761372,1,ENC,7631,0,,0,0,20,,,,,,,,,,,,,,,,,,,,,,,,,,,,,
1790825654.1960888,1,ENC,7651,0,,0,0,20,,,,,,,,,,,,,,,,,,,,,,,,,,,,,
1790825654.216242,1,ENC,7671,0,,0,0,20,,,,,,,,,,,,,,,,,,,,,,,,,,,,,
1790825654.2362137,1,ENC,7691,0,,0,0,20,,,,,,,,,,,,,,,,,,,,,,,,,,,,,
1790825654.25627,1,ENC,7711,0,,0,0,20,,,,,,,,,,,,,,,,,,,,,,,,,,,,,
1790825654.2757456,1,ENC,7731,0,,0,0,20,,,,,,,,,,,,,,,,,,,,,,,,,,,,,
1790825654.295633,1,ENC,7751,0,,0,0,20,,,,,,,,,,,,,,,,,,,,,,,,,,,,,
1790825654.3156881,1,ENC,7771,0,,0,0,20,,,,,,,,,,,,,,,,,,,,,,,,,,,,,
1790825654.3348618,1,ENC,7791,0,,0,0,20,,,,,,,,,,,,,,,,,,,,,,,,,,,,,
1790825654.3555224,1,ENC,7811,0,,0,0,20,,,,,,,,,,,,,,,,,,,,,,,,,,,,,
1790825654.3753095,1,ENC,7831,0,,0,0,20,,,,,,,,,,,,,,,,,,,,,,,,,,,,,
1790825654.3952665,1,ENC,7851,0,,0,0,20,,,,,,,,,,,,,,,,,,,,,,,,,,,,,
1790825654.4154792,1,ENC,7871,0,,0,0,20,,,,,,,,,,,,,,,,,,,,,,,,,,,,,
1790825654.4353907,1,ENC,7891,0,,0,0,20,,,,,,,,,,,,,,,,,,,,,,,,,,,,,
1790825654.4571714,1,CMD,7901,1,FWD_CM:200,,,,,,,,,,,,,,,,,,,,,,,,,,,,,,,,
1790825654.46268,1,SPID,7901,1,,,,,,,,,,,,,,,,,,,,,,,,,,,6.0,1.5,1.0,,,,
1790825654.4683037,1,ENC,7921,1,,0,0,20,,,,,,,,,,,,,,,,,,,,,,,,,,,,,
1790825654.4789808,1,STR,7927,1,,,,,0.0,0.0,0.0,0.0,,7199,7199,150,150,0,0.0,,,,,,,,,,,,,,,0.0,0.0,0.0,0.0
1790825654.4901764,1,WPI,7937,1,,,,,,,,,,7192,7148,,,,,,,7935,5,0.0,0.0,0,0,40000,0,1,,,,,,,
1790825654.495193,1,ENC,7950,1,,0,0,39,,,,,,,,,,,,,,,,,,,,,,,,,,,,,
1790825654.5053535,1,STR,7954,1,,,,,0.0,0.0,0.0,0.0,,7141,7096,150,150,0,0.0,,,,,,,,,,,,,,,0.0,0.0,0.0,0.0
1790825654.5149314,1,ENC,7970,1,,0,0,20,,,,,,,,,,,,,,,,,,,,,,,,,,,,,
1790825654.5236712,1,STR,7974,1,,,,,0.0,0.0,0.0,0.0,,7090,7044,150,150,0,0.0,,,,,,,,,,,,,,,0.0,0.0,0.0,0.0
1790825654.5335722,1,WPI,7982,1,,,,,,,,,,6991,6940,,,,,,,7980,5,0.0,0.0,0,0,40000,0,5,,,,,,,
1790825654.5385027,1,ENC,7993,1,,1,0,23,,,,,,,,,,,,,,,,,,,,,,,,,,,,,
1790825654.5499277,1,STR,7997,1,,,,,0.0,0.0,0.0,0.0,,6890,6836,150,150,0,0.0,,,,,,,,,,,,,,,0.0,0.0,0.0,0.0
1790825654.5584154,1,ENC,8013,1,,2,0,20,,,,,,,,,,,,,,,,,,,,,,,,,,,,,
1790825654.5647388,1,STR,8017,1,,,,,0.004,0.0,0.252,-0.001,,6741,6680,150,150,0,0.044,,,,,,,,,,,,,,,0.0,0.0,-0.044,-0.044
1790825654.5714562,1,WPI,8023,1,,,,,,,,,,6690,6628,,,,,,,8020,5,40.452,16.529,23,157,40000,0,11,,,,,,,
1790825654.575767,1,ENC,8033,1,,3,1,20,,,,,,,,,,,,,,,,,,,,,,,,,,,,,
1790825654.588257,1,STR,8035,1,,,,,0.01,0.0,0.312,-0.007,,6543,6470,150,150,0,0.12,,,,,,,,,,,,,,,0.0,0.0,-0.12,-0.12
1790825654.5981932,1,ENC,8053,1,,4,3,20,,,,,,,,,,,,,,,,,,,,,,,,,,,,,
1790825654.6119626,1,STR,8057,1,,,,,0.0,0.0,-2.341,-0.011,,6346,6260,150,150,0,0.195,,,,,,,,,,,,,,,-0.068,0.0,-0.127,-0.195
1790825654.6263123,1,WPI,8071,1,,,,,,,,,,6146,6053,,,,,,,8070,5,167.435,124.727,42,763,40000,3,22,,,,,,,
1790825654.6303248,1,ENC,8087,1,,13,12,34,,,,,,,,,,,,,,,,,,,,,,,,,,,,,
1790825654.6440737,1,STR,8091,1,,,,,-0.038,0.0,0.312,0.038,,5850,5740,150,150,0,-0.759,,,,,,,,,,,,,,,0.229,0.001,0.529,0.759
1790825654.650272,1,ENC,8107,1,,12,12,20,,,,,,,,,,,,,,,,,,,,,,,,,,,,,
1790825654.6638093,1,STR,8111,1,,,,,-0.032,0.0,0.252,0.032,,5553,5428,150,150,0,-0.463,,,,,,,,,,,,,,,0.193,0.002,0.268,0.463
1790825654.6792896,1,WPI,8123,1,,,,,,,,,,5356,5219,,,,,,,8120,5,456.508,440.043,16,1021,40000,5,38,,,,,,,
1790825654.6843646,1,ENC,8140,1,,30,32,33,,,,,,,,,,,,,,,,,,,,,,,,,,,,,
1790825654.6963933,1,STR,8144,1,,,,,-0.049,0.0,-0.592,0.049,,5008,4857,150,150,0,-0.714,,,,,,,,,,,,,,,0.296,0.004,0.414,0.714
1790825654.7041557,1,ENC,8160,1,,26,27,20,,,,,,,,,,,,,,,,,,,,,,,,,,,,,
1790825654.716263,1,STR,8164,1,,,,,-0.058,0.0,0.0,0.058,,4612,4440,150,150,0,-0.771,,,,,,,,,,,,,,,0.349,0.005,0.417,0.771
1790825654.7283926,1,WPI,8176,1,,,,,,,,,,4266,4077,,,,,,,8175,5,1036.357,1054.943,-18,974,40000,3,60,,,,,,,
1790825654.7319005,1,ENC,8189,1,,49,51,29,,,,,,,,,,,,,,,,,,,,,,,,,,,,,
1790825654.7477026,1,STR,8193,1,,,,,-0.102,0.0,-2.462,0.102,,3967,3767,149,150,-1,-1.527,,,,,,,,,,,,,,,0.61,0.009,0.908,1.527
1790825654.751809,1,ENC,8209,1,,44,45,20,,,,,,,,,,,,,,,,,,,,,,,,,,,,,
1790825654.76901,1,STR,8213,1,,,,,-0.144,0.0,-1.98,0.144,,3466,3254,149,150,-1,-2.155,,,,,,,,,,,,,,,0.862,0.013,1.28,2.155
1790825654.7829785,1,WPI,8229,1,,,,,,,,,,3064,2845,,,,,,,8225,5,1786.582,1869.032,-82,416,40000,-13,84,,,,,,,
1790825654.7877698,1,ENC,8244,1,,95,101,35,,,,,,,,,,,,,,,,,,,,,,,,,,,,,
1790825654.8017623,1,STR,8248,1,,,,,-0.309,0.0,-5.598,0.259,,2560,2335,148,150,-2,-4.2,,,,,,,,,,,,,,,1.555,0.023,2.621,4.2
1790825654.806593,1,ENC,8264,1,,66,70,20,,,,,,,,,,,,,,,,,,,,,,,,,,,,,
1790825654.8204727,1,STR,8268,1,,,,,-0.42,0.0,-5.296,0.365,,2243,2042,148,150,-2,-5.789,,,,,,,,,,,,,,,2.19,0.034,3.565,5.789
1790825654.8339849,1,WPI,8282,1,,,,,,,,,,2233,2050,,,,,,,8280,5,2817.84,2981.165,-163,-971,40000,-50,100,,,,,,,
1790825654.8404794,1,ENC,8295,1,,123,129,31,,,,,,,,,,,,,,,,,,,,,,,,,,,,,
1790825654.8566124,1,STR,8301,1,,,,,-0.6,0.0,-7.045,0.6,,2225,2056,147,150,-3,-8.42,,,,,,,,,,,,,,,3.603,0.059,4.758,8.42
1790825654.861577,1,ENC,8318,1,,94,98,23,,,,,,,,,,,,,,,,,,,,,,,,,,,,,
1790825654.8729231,1,STR,8322,1,,,,,-0.755,0.0,-7.95,0.755,,2219,2061,146,150,-4,-10.317,,,,,,,,,,,,,,,4.53,0.08,5.708,10.317
1790825654.8806655,1,WPI,8333,1,,,,,,,,,,2218,2062,,,,,,,8330,5,3721.521,3870.61,-149,-2509,40000,-62,100,,,,,,,
1790825654.883494,1,ENC,8342,1,,109,111,24,,,,,,,,,,,,,,,,,,,,,,,,,,,,,
1790825654.8935695,1,STR,8344,1,,,,,-0.893,0.0,-6.563,0.893,,2217,2063,145,150,-5,-11.537,,,,,,,,,,,,,,,5.359,0.105,6.074,11.537
1790825654.9041042,1,ENC,8362,1,,94,96,20,,,,,,,,,,,,,,,,,,,,,,,,,,,,,
1790825654.919472,1,STR,8366,1,,,,,-1.087,0.0,-6.563,1.021,,2217,2063,145,150,-5,-12.485,,,,,,,,,,,,,,,6.128,0.141,6.216,12.485
1790825654.9333804,1,WPI,8380,1,,,,,,,,,,2213,2067,,,,,,,8380,5,4348.413,4468.203,-119,-3796,40000,-67,100,,,,,,,
1790825654.9400003,1,ENC,8395,1,,167,170,33,,,,,,,,,,,,,,,,,,,,,,,,,,,,,
1790825654.9565213,1,STR,8401,1,,,,,-1.219,0.0,-3.547,1.219,,2214,2066,145,150,-5,-12.9,,,,,,,,,,,,,,,7.316,0.201,5.383,12.9
1790825654.9612262,1,ENC,8418,1,,114,114,23,,,,,,,,,,,,,,,,,,,,,,,,,,,,,
1790825654.9753017,1,STR,8422,1,,,,,-1.243,0.0,0.614,1.243,,2219,2061,145,150,-5,-11.7,,,,,,,,,,,,,,,7.458,0.238,4.004,11.7
1790825654.989073,1,WPI,8436,1,,,,,,,,,,2220,2060,,,,,,,8435,5,4880.509,4935.236,-54,-4642,40000,-60,100,,,,,,,
1790825654.9947567,1,ENC,8451,1,,174,175,33,,,,,,,,,,,,,,,,,,,,,,,,,,,,,
1790825655.010272,1,STR,8457,1,,,,,-1.172,0.0,0.734,1.19,,2228,2052,147,150,-3,-8.473,,,,,,,,,,,,,,,7.141,0.302,1.03,8.473
1790825655.0147324,1,ENC,8472,1,,115,115,21,,,,,,,,,,,,,,,,,,,,,,,,,,,,,
1790825655.0288522,1,STR,8476,1,,,,,-1.158,0.0,0.674,1.165,,2220,2060,147,150,-3,-7.808,,,,,,,,,,,,,,,6.99,0.337,0.481,7.808
1790825655.0415232,1,WPI,8490,1,,,,,,,,,,2226,2054,,,,,,,8490,5,5282.167,5300.445,-18,-5002,40000,-54,100,,,,,,,
1790825655.0495117,1,ENC,8505,1,,190,190,33,,,,,,,,,,,,,,,,,,,,,,,,,,,,,
1790825655.0660462,1,STR,8511,1,,,,,-1.086,0.0,2.362,1.086,,2227,2053,148,150,-2,-6.066,,,,,,,,,,,,,,,6.517,0.397,-0.847,6.066
1790825655.0708578,1,ENC,8528,1,,126,126,23,,,,,,,,,,,,,,,,,,,,,,,,,,,,,
1790825655.0851343,1,STR,8532,1,,,,,-1.054,0.0,1.337,1.054,,2228,2052,148,150,-2,-5.682,,,,,,,,,,,,,,,6.325,0.429,-1.073,5.682
1790825655.0988119,1,WPI,8546,1,,,,,,,,,,2219,2061,,,,,,,8545,5,5538.563,5576.935,-38,-5196,40000,-61,100,,,,,,,
1790825655.1041584,1,ENC,8561,1,,190,191,33,,,,,,,,,,,,,,,,,,,,,,,,,,,,,
1790825655.1197083,1,STR,8567,1,,,,,-0.997,0.0,3.146,1.014,,2221,2059,148,150,-2,-5.506,,,,,,,,,,,,,,,6.081,0.483,-1.057,5.506
1790825655.124232,1,ENC,8582,1,,122,123,21,,,,,,,,,,,,,,,,,,,,,,,,,,,,,
1790825655.138543,1,STR,8586,1,,,,,-0.928,0.0,3.508,0.963,,2218,2062,148,150,-2,-4.509,,,,,,,,,,,,,,,5.779,0.512,-1.782,4.509
1790825655.152141,1,WPI,8600,1,,,,,,,,,,2219,2061,,,,,,,8600,5,5738.31,5763.923,-25,-5518,40000,-61,100,,,,,,,
1790825655.158988,1,ENC,8615,1,,200,200,33,,,,,,,,,,,,,,,,,,,,,,,,,,,,,
1790825655.1753724,1,STR,8621,1,,,,,-0.873,0.0,1.096,0.873,,2220,2060,148,150,-2,-3.955,,,,,,,,,,,,,,,5.238,0.559,-1.842,3.955
1790825655.1801436,1,ENC,8638,1,,132,132,23,,,,,,,,,,,,,,,,,,,,,,,,,,,,,
1790825655.1916132,1,STR,8642,1,,,,,-0.819,0.0,3.207,0.819,,2217,2063,149,150,-1,-3.371,,,,,,,,,,,,,,,4.916,0.585,-2.13,3.371
1790825655.1992104,1,WPI,8653,1,,,,,,,,,,2222,2058,,,,,,,8650,5,5865.081,5871.553,-6,-5704,40000,-58,100,,,,,,,
1790825655.2020466,1,ENC,8662,1,,142,142,24,,,,,,,,,,,,,,,,,,,,,,,,,,,,,
1790825655.212449,1,STR,8664,1,,,,,-0.754,0.0,1.337,0.754,,2222,2058,149,150,-1,-2.671,,,,,,,,,,,,,,,4.526,0.608,-2.463,2.671
1790825655.223777,1,ENC,8682,1,,120,120,20,,,,,,,,,,,,,,,,,,,,,,,,,,,,,
1790825655.2378967,1,STR,8686,1,,,,,-0.69,0.0,3.388,0.721,,2222,2058,149,150,-1,-2.683,,,,,,,,,,,,,,,4.324,0.636,-2.277,2.683
1790825655.250482,1,WPI,8700,1,,,,,,,,,,2223,2057,,,,,,,8700,5,5939.501,5941.115,-1,-5748,40000,-57,100,,,,,,,
1790825655.2585294,1,ENC,8715,1,,203,204,33,,,,,,,,,,,,,,,,,,,,,,,,,,,,,
1790825655.2748396,1,STR,8721,1,,,,,-0.582,0.0,3.508,0.582,,2219,2061,150,150,0,-1.25,,,,,,,,,,,,,,,3.495,0.67,-2.914,1.25
1790825655.2798083,1,ENC,8738,1,,133,135,23,,,,,,,,,,,,,,,,,,,,,,,,,,,,,
1790825655.2935631,1,STR,8742,1,,,,,-0.521,0.0,1.82,0.521,,2216,2064,150,150,0,-0.861,,,,,,,,,,,,,,,3.124,0.686,-2.949,0.861
1790825655.3062084,1,WPI,8756,1,,,,,,,,,,2216,2064,,,,,,,8755,5,6007.743,6025.581,-17,-5979,40000,-64,100,,,,,,,
1790825655.313209,1,ENC,8771,1,,202,201,33,,,,,,,,,,,,,,,,,,,,,,,,,,,,,
1790825655.3284621,1,STR,8777,1,,,,,-0.396,0.0,3.508,0.431,,2218,2062,150,150,0,-0.225,,,,,,,,,,,,,,,2.587,0.711,-3.073,0.225
1790825655.3332572,1,ENC,8792,1,,127,128,21,,,,,,,,,,,,,,,,,,,,,,,,,,,,,
1790825655.3474221,1,STR,8796,1,,,,,-0.338,0.0,2.604,0.365,,2214,2066,150,150,0,0.163,,,,,,,,,,,,,,,2.189,0.723,-3.075,-0.163
1790825655.3610837,1,WPI,8810,1,,,,,,,,,,2210,2070,,,,,,,8810,5,6046.071,6078.695,-32,-6226,40000,-70,100,,,,,,,
1790825655.3680034,1,ENC,8825,1,,207,208,33,,,,,,,,,,,,,,,,,,,,,,,,,,,,,
1790825655.3829865,1,STR,8831,1,,,,,-0.251,0.0,3.207,0.251,,2211,2069,151,150,1,0.75,,,,,,,,,,,,,,,1.507,0.738,-2.995,-0.75
1790825655.3892722,1,ENC,8848,1,,135,135,23,,,,,,,,,,,,,,,,,,,,,,,,,,,,,
1790825655.402965,1,STR,8852,1,,,,,-0.199,0.0,1.398,0.199,,2208,2072,151,150,1,0.911,,,,,,,,,,,,,,,1.194,0.745,-2.85,-0.911
1790825655.4154472,1,WPI,8866,1,,,,,,,,,,2209,2071,,,,,,,8865,5,6092.886,6122.686,-29,-6449,40000,-71,100,,,,,,,
1790825655.4199746,1,ENC,8879,1,,191,191,31,,,,,,,,,,,,,,,,,,,,,,,,,,,,,
1790825655.435964,1,STR,8883,1,,,,,-0.154,0.0,2.543,0.154,,2218,2062,151,150,1,0.595,,,,,,,,,,,,,,,0.926,0.753,-2.274,-0.595
1790825655.4409938,1,ENC,8900,1,,132,130,21,,,,,,,,,,,,,,,,,,,,,,,,,,,,,
1790825655.4547102,1,STR,8904,1,,,,,-0.105,0.0,2.302,0.105,,2222,2058,151,150,1,0.952,,,,,,,,,,,,,,,0.628,0.757,-2.338,-0.952
1790825655.4672654,1,WPI,8918,1,,,,,,,,,,2221,2059,,,,,,,8915,5,6136.472,6120.376,16,-6311,40000,-59,100,,,,,,,
1790825655.4724824,1,ENC,8931,1,,188,188,31,,,,,,,,,,,,,,,,,,,,,,,,,,,,,
1790825655.4876738,1,STR,8937,1,,,,,-0.078,0.0,1.036,0.088,,2220,2060,150,150,0,0.207,,,,,,,,,,,,,,,0.528,0.762,-1.497,-0.207
1790825655.4925916,1,ENC,8952,1,,131,129,21,,,,,,,,,,,,,,,,,,,,,,,,,,,,,
1790825655.5050693,1,STR,8956,1,,,,,-0.045,0.0,2.604,0.065,,2224,2056,150,150,0,0.269,,,,,,,,,,,,,,,0.391,0.764,-1.424,-0.269
1790825655.5143476,1,WPI,8968,1,,,,,,,,,,2228,2052,,,,,,,8965,5,6166.178,6132.154,34,-6094,40000,-52,100,,,,,,,
1790825655.5176482,1,ENC,8979,1,,166,166,27,,,,,,,,,,,,,,,,,,,,,,,,,,,,,
1790825655.5249233,1,STR,8981,1,,,,,0.003,0.0,1.699,-0.003,,2222,2058,151,150,1,1.024,,,,,,,,,,,,,,,0.0,0.765,-1.789,-1.024
1790825655.53929,1,ENC,8999,1,,123,124,20,,,,,,,,,,,,,,,,,,,,,,,,,,,,,
1790825655.5555394,1,STR,9003,1,,,,,0.029,0.0,1.217,-0.029,,2226,2054,151,150,1,1.052,,,,,,,,,,,,,,,-0.176,0.765,-1.641,-1.052
1790825655.5696738,1,WPI,9019,1,,,,,,,,,,2225,2055,,,,,,,9015,5,6177.63,6162.553,15,-5908,40000,-55,100,,,,,,,
1790825655.574101,1,ENC,9034,1,,217,217,35,,,,,,,,,,,,,,,,,,,,,,,,,,,,,
1790825655.5883064,1,STR,9038,1,,,,,0.16,0.0,2.423,-0.126,,2224,2056,152,150,2,2.579,,,,,,,,,,,,,,,-0.759,0.76,-2.581,-2.579
1790825655.5939925,1,ENC,9054,1,,123,123,20,,,,,,,,,,,,,,,,,,,,,,,,,,,,,
1790825655.6082134,1,STR,9058,1,,,,,0.209,0.0,2.483,-0.184,,2220,2060,153,150,3,2.881,,,,,,,,,,,,,,,-1.106,0.755,-2.531,-2.881
1790825655.6218526,1,WPI,9072,1,,,,,,,,,,2221,2059,,,,,,,9070,5,6167.642,6168.694,-1,-5946,40000,-59,100,,,,,,,
1790825655.6269739,1,ENC,9087,1,,204,205,33,,,,,,,,,,,,,,,,,,,,,,,,,,,,,
1790825655.6434848,1,STR,9091,1,,,,,0.267,0.0,3.327,-0.267,,2221,2059,153,150,3,3.148,,,,,,,,,,,,,,,-1.602,0.743,-2.289,-3.148
1790825655.647926,1,ENC,9108,1,,130,130,21,,,,,,,,,,,,,,,,,,,,,,,,,,,,,
1790825655.6619558,1,STR,9112,1,,,,,0.298,0.0,0.975,-0.298,,2217,2063,153,150,3,3.088,,,,,,,,,,,,,,,-1.79,0.734,-2.033,-3.088
1790825655.6744058,1,WPI,9126,1,,,,,,,,,,2222,2058,,,,,,,9125,5,6194.309,6186.707,7,-6032,40000,-58,100,,,,,,,
1790825655.6814187,1,ENC,9141,1,,205,204,33,,,,,,,,,,,,,,,,,,,,,,,,,,,,,
1790825655.6969674,1,STR,9147,1,,,,,0.386,0.0,3.267,-0.358,,2222,2058,153,150,3,3.497,,,,,,,,,,,,,,,-2.15,0.717,-2.064,-3.497
1790825655.7014725,1,ENC,9162,1,,130,130,21,,,,,,,,,,,,,,,,,,,,,,,,,,,,,
1790825655.7142344,1,STR,9166,1,,,,,0.435,0.0,0.0,-0.419,,2226,2054,154,150,4,4.254,,,,,,,,,,,,,,,-2.513,0.705,-2.446,-4.254
1790825655.7282438,1,WPI,9180,1,,,,,,,,,,2225,2055,,,,,,,9180,5,6180.348,6164.74,15,-5917,40000,-55,100,,,,,,,
1790825655.736232,1,ENC,9195,1,,210,208,33,,,,,,,,,,,,,,,,,,,,,,,,,,,,,
1790825655.7525318,1,STR,9201,1,,,,,0.466,0.0,1.217,-0.466,,2224,2056,153,150,3,3.828,,,,,,,,,,,,,,,-2.793,0.682,-1.716,-3.828
1790825655.7575307,1,ENC,9218,1,,137,138,23,,,,,,,,,,,,,,,,,,,,,,,,,,,,,
1790825655.7717993,1,STR,9222,1,,,,,0.523,0.0,3.448,-0.523,,2227,2053,154,150,4,4.586,,,,,,,,,,,,,,,-3.14,0.667,-2.113,-4.586
1790825655.785388,1,WPI,9236,1,,,,,,,,,,2222,2058,,,,,,,9235,5,6182.873,6186.941,-4,-5724,40000,-58,100,,,,,,,
1790825655.790986,1,ENC,9251,1,,205,204,33,,,,,,,,,,,,,,,,,,,,,,,,,,,,,
1790825655.8064678,1,STR,9257,1,,,,,0.614,0.0,2.483,-0.591,,2226,2054,155,150,5,5.051,,,,,,,,,,,,,,,-3.546,0.637,-2.143,-5.051
1790825655.8109756,1,ENC,9272,1,,130,131,21,,,,,,,,,,,,,,,,,,,,,,,,,,,,,
1790825655.8251717,1,STR,9276,1,,,,,0.669,0.0,3.689,-0.638,,2226,2054,155,150,5,5.463,,,,,,,,,,,,,,,-3.831,0.618,-2.251,-5.463
1790825655.833845,1,WPI,9290,1,,,,,,,,,,2221,2059,,,,,,,9290,5,6201.007,6211.952,-10,-5660,40000,-59,100,,,,,,,
1790825655.8373044,1,ENC,9300,1,,175,175,28,,,,,,,,,,,,,,,,,,,,,,,,,,,,,
1790825655.8457143,1,STR,9302,1,,,,,0.713,0.0,1.699,-0.713,,2217,2063,155,150,5,5.988,,,,,,,,,,,,,,,-4.28,0.593,-2.301,-5.988
1790825655.858902,1,ENC,9320,1,,123,124,20,,,,,,,,,,,,,,,,,,,,,,,,,,,,,
1790825655.8728752,1,STR,9324,1,,,,,0.754,0.0,2.182,-0.754,,2218,2062,156,150,6,6.187,,,,,,,,,,,,,,,-4.527,0.571,-2.23,-6.187
1790825655.8866649,1,WPI,9338,1,,,,,,,,,,2214,2066,,,,,,,9335,5,6174.568,6205.069,-30,-5859,40000,-66,100,,,,,,,
1790825655.8924909,1,ENC,9353,1,,202,204,33,,,,,,,,,,,,,,,,,,,,,,,,,,,,,
1790825655.9081626,1,STR,9359,1,,,,,0.882,0.0,2.061,-0.852,,2212,2068,157,150,7,7.42,,,,,,,,,,,,,,,-5.111,0.528,-2.837,-7.42
1790825655.9125967,1,ENC,9374,1,,130,131,21,,,,,,,,,,,,,,,,,,,,,,,,,,,,,
1790825655.9268174,1,STR,9378,1,,,,,0.936,0.0,2.905,-0.907,,2209,2071,157,150,7,7.678,,,,,,,,,,,,,,,-5.442,0.501,-2.738,-7.678
1790825655.940421,1,WPI,9392,1,,,,,,,,,,2211,2069,,,,,,,9390,5,6180.823,6208.787,-27,-6277,40000,-69,100,,,,,,,
1790825655.9453623,1,ENC,9407,1,,204,203,33,,,,,,,,,,,,,,,,,,,,,,,,,,,,,
1790825655.9619281,1,STR,9411,1,,,,,1.026,0.0,3.086,-1.026,,2217,2063,158,150,8,8.569,,,,,,,,,,,,,,,-6.155,0.45,-2.864,-8.569
1790825655.9664426,1,ENC,9428,1,,129,130,21,,,,,,,,,,,,,,,,,,,,,,,,,,,,,
1790825655.9807582,1,STR,9432,1,,,,,1.08,0.0,2.604,-1.08,,2217,2063,158,150,8,8.878,,,,,,,,,,,,,,,-6.482,0.419,-2.815,-8.878
1790825655.9943464,1,WPI,9446,1,,,,,,,,,,2217,2063,,,,,,,9445,5,6181.99,6182.18,0,-6351,40000,-63,100,,,,,,,
1790825655.9999802,1,ENC,9461,1,,204,203,33,,,,,,,,,,,,,,,,,,,,,,,,,,,,,
1790825656.0156102,1,STR,9467,1,,,,,1.221,0.0,5.257,-1.176,,2222,2058,159,150,9,9.77,,,,,,,,,,,,,,,-7.054,0.359,-3.075,-9.77
1790825656.0200286,1,ENC,9482,1,,130,130,21,,,,,,,,,,,,,,,,,,,,,,,,,,,,,
1790825656.0346763,1,STR,9486,1,,,,,1.3,0.0,3.508,-1.265,,2217,2063,160,150,10,10.729,,,,,,,,,,,,,,,-7.587,0.322,-3.463,-10.729
1790825656.0484273,1,WPI,9500,1,,,,,,,,,,2213,2067,,,,,,,9500,5,6170.017,6186.043,-16,-6389,40000,-67,100,,,,,,,
1790825656.0548103,1,ENC,9517,1,,210,211,33,,,,,,,,,,,,,,,,,,,,,,,,,,,,,
1790825656.0715487,1,STR,9521,1,,,,,1.391,0.0,3.448,-1.391,,2214,2066,160,150,10,11.39,,,,,,,,,,,,,,,-8.344,0.252,-3.297,-11.39
1790825656.0759718,1,ENC,9538,1,,135,137,23,,,,,,,,,,,,,,,,,,,,,,,,,,,,,
1790825656.0902092,1,STR,9542,1,,,,,1.475,0.0,4.473,-1.475,,2209,2071,161,150,11,12.241,,,,,,,,,,,,,,,-8.85,0.209,-3.6,-12.241
1790825656.1039693,1,WPI,9556,1,,,,,,,,,,2201,2079,,,,,,,9555,5,6157.649,6213.29,-55,-6588,40000,-79,100,,,,,,,
1790825656.109506,1,ENC,9571,1,,203,205,33,,,,,,,,,,,,,,,,,,,,,,,,,,,,,
1790825656.1254869,1,STR,9577,1,,,,,1.6,0.0,3.629,-1.566,,2199,2081,161,150,11,12.609,,,,,,,,,,,,,,,-9.395,0.129,-3.342,-12.609
1790825656.1315706,1,ENC,9594,1,,141,142,23,,,,,,,,,,,,,,,,,,,,,,,,,,,,,
1790825656.146044,1,STR,9598,1,,,,,1.696,0.0,5.197,-1.644,,2197,2083,162,150,12,13.492,,,,,,,,,,,,,,,-9.867,0.08,-3.705,-13.492
1790825656.1547327,1,WPI,9612,1,,,,,,,,,,2199,2081,,,,,,,9610,5,6149.23,6189.632,-40,-7134,40000,-81,100,,,,,,,
1790825656.1576078,1,ENC,9622,1,,172,173,28,,,,,,,,,,,,,,,,,,,,,,,,,,,,,
1790825656.1663096,1,STR,9624,1,,,,,1.777,0.0,3.629,-1.777,,2196,2084,163,150,13,14.526,,,,,,,,,,,,,,,-10.661,0.015,-3.881,-14.526
1790825656.179403,1,ENC,9642,1,,124,124,20,,,,,,,,,,,,,,,,,,,,,,,,,,,,,
1790825656.1940992,1,STR,9646,1,,,,,1.891,0.0,3.689,-1.854,,2204,2076,164,150,14,15.033,,,,,,,,,,,,,,,-11.123,-0.053,-3.856,-15.033
1790825656.2077076,1,WPI,9660,1,,,,,,,,,,2204,2076,,,,,,,9660,5,6172.715,6182.342,-9,-7436,40000,-76,100,,,,,,,
1790825656.2142072,1,ENC,9675,1,,209,208,33,,,,,,,,,,,,,,,,,,,,,,,,,,,,,
1790825656.2321177,1,STR,9681,1,,,,,1.968,0.0,1.518,-1.968,,2209,2071,164,150,14,15.18,,,,,,,,,,,,,,,-11.806,-0.154,-3.219,-15.18
1790825656.2372992,1,ENC,9700,1,,150,149,25,,,,,,,,,,,,,,,,,,,,,,,,,,,,,
1790825656.2519484,1,STR,9704,1,,,,,1.977,0.0,1.458,-1.977,,2208,2072,163,150,13,14.428,,,,,,,,,,,,,,,-11.864,-0.214,-2.351,-14.428
1790825656.2658532,1,WPI,9720,1,,,,,,,,,,2213,2067,,,,,,,9720,5,6174.033,6150.047,23,-7374,40000,-67,100,,,,,,,
1790825656.2729635,1,ENC,9735,1,,222,220,35,,,,,,,,,,,,,,,,,,,,,,,,,,,,,
1790825656.2906566,1,STR,9741,1,,,,,2.045,0.0,1.096,-2.045,,2216,2064,163,150,13,14.6,,,,,,,,,,,,,,,-12.268,-0.334,-1.998,-14.6
1790825656.2951698,1,ENC,9758,1,,138,136,23,,,,,,,,,,,,,,,,,,,,,,,,,,,,,
1790825656.309655,1,STR,9762,1,,,,,2.035,0.0,-1.015,-2.035,,2219,2061,162,150,12,13.792,,,,,,,,,,,,,,,-12.209,-0.396,-1.187,-13.792
1790825656.3234322,1,WPI,9778,1,,,,,,,,,,2222,2058,,,,,,,9775,5,6218.914,6172.229,46,-7006,40000,-58,100,,,,,,,
1790825656.3285882,1,ENC,9791,1,,205,204,33,,,,,,,,,,,,,,,,,,,,,,,,,,,,,
1790825656.3457017,1,STR,9797,1,,,,,2.037,0.0,-1.557,-2.041,,2228,2052,162,150,12,13.537,,,,,,,,,,,,,,,-12.245,-0.502,-0.79,-13.537
1790825656.3506901,1,ENC,9814,1,,144,143,23,,,,,,,,,,,,,,,,,,,,,,,,,,,,,
1790825656.3654168,1,STR,9818,1,,,,,2.003,0.0,-1.738,-2.02,,2230,2050,161,150,11,12.699,,,,,,,,,,,,,,,-12.121,-0.563,-0.014,-12.699
1790825656.378848,1,WPI,9834,1,,,,,,,,,,2228,2052,,,,,,,9830,5,6228.771,6183.257,45,-6398,40000,-52,100,,,,,,,
1790825656.3835313,1,ENC,9847,1,,207,204,33,,,,,,,,,,,,,,,,,,,,,,,,,,,,,
1790825656.4015641,1,STR,9851,1,,,,,1.933,0.0,-1.376,-1.933,,2230,2050,160,150,10,11.182,,,,,,,,,,,,,,,-11.599,-0.667,1.084,-11.182
1790825656.406692,1,ENC,9870,1,,145,144,23,,,,,,,,,,,,,,,,,,,,,,,,,,,,,
1790825656.421323,1,STR,9874,1,,,,,1.898,0.0,-1.919,-1.898,,2232,2048,160,150,10,10.798,,,,,,,,,,,,,,,-11.385,-0.724,1.312,-10.798
1790825656.4350517,1,WPI,9890,1,,,,,,,,,,2243,2037,,,,,,,9890,5,6259.011,6178.875,80,-5749,40000,-37,100,,,,,,,
1790825656.440161,1,ENC,9903,1,,205,203,33,,,,,,,,,,,,,,,,,,,,,,,,,,,,,
1790825656.4557676,1,STR,9909,1,,,,,1.825,0.0,0.0,-1.835,,2244,2036,159,150,9,10.148,,,,,,,,,,,,,,,-11.013,-0.822,1.686,-10.148
1790825656.4603307,1,ENC,9924,1,,131,130,21,,,,,,,,,,,,,,,,,,,,,,,,,,,,,
1790825656.4727466,1,STR,9928,1,,,,,1.814,0.0,-2.16,-1.825,,2245,2035,160,150,10,10.675,,,,,,,,,,,,,,,-10.95,-0.877,1.152,-10.675
1790825656.48017,1,WPI,9940,1,,,,,,,,,,2247,2033,,,,,,,9940,5,6243.652,6176.829,66,-5023,40000,-33,100,,,,,,,
1790825656.4833877,1,ENC,9949,1,,156,154,25,,,,,,,,,,,,,,,,,,,,,,,,,,,,,
1790825656.4949214,1,STR,9951,1,,,,,1.773,0.0,-2.04,-1.773,,2245,2035,159,150,9,10.077,,,,,,,,,,,,,,,-10.636,-0.944,1.504,-10.077
1790825656.505017,1,ENC,9969,1,,125,123,20,,,,,,,,,,,,,,,,,,,,,,,,,,,,,
1790825656.5228891,1,STR,9973,1,,,,,1.749,0.0,1.036,-1.749,,2251,2029,159,150,9,10.113,,,,,,,,,,,,,,,-10.491,-0.997,1.375,-10.113
1790825656.5378354,1,WPI,9991,1,,,,,,,,,,2243,2037,,,,,,,9990,5,6223.141,6195.177,27,-4440,40000,-37,100,,,,,,,
1790825656.5441005,1,ENC,10008,1,,242,242,39,,,,,,,,,,,,,,,,,,,,,,,,,,,,,
1790825656.5587237,1,STR,10012,1,,,,,1.748,0.0,-0.894,-1.748,,2250,2030,160,150,10,10.858,,,,,,,,,,,,,,,-10.49,-1.102,0.734,-10.858
1790825656.5648575,1,ENC,10029,1,,132,130,21,,,,,,,,,,,,,,,,,,,,,,,,,,,,,
1790825656.5827966,1,STR,10033,1,,,,,1.738,0.0,-0.412,-1.738,,2248,2032,160,150,10,10.916,,,,,,,,,,,,,,,-10.426,-1.155,0.665,-10.916
1790825656.5990295,1,WPI,10051,1,,,,,,,,,,2251,2029,,,,,,,10050,5,6240.538,6200.083,40,-3971,40000,-29,100,,,,,,,
1790825656.6039326,1,ENC,10068,1,,243,243,39,,,,,,,,,,,,,,,,,,,,,,,,,,,,,
1790825656.6196358,1,STR,10072,1,,,,,1.73,0.0,-1.316,-1.73,,2249,2031,160,150,10,11.131,,,,,,,,,,,,,,,-10.38,-1.259,0.508,-11.131
1790825656.6244822,1,ENC,10089,1,,130,129,21,,,,,,,,,,,,,,,,,,,,,,,,,,,,,
1790825656.642605,1,STR,10093,1,,,,,1.686,0.0,-2.522,-1.686,,2248,2032,159,150,9,10.359,,,,,,,,,,,,,,,-10.113,-1.31,1.064,-10.359
1790825656.6585355,1,WPI,10111,1,,,,,,,,,,2256,2024,,,,,,,10110,5,6230.37,6185.0,45,-3628,40000,-24,100,,,,,,,
1790825656.6637723,1,ENC,10128,1,,243,242,39,,,,,,,,,,,,,,,,,,,,,,,,,,,,,
1790825656.6792676,1,STR,10132,1,,,,,1.612,0.0,-1.376,-1.612,,2253,2027,159,150,9,9.535,,,,,,,,,,,,,,,-9.673,-1.41,1.548,-9.535
1790825656.6843119,1,ENC,10149,1,,131,129,21,,,,,,,,,,,,,,,,,,,,,,,,,,,,,
1790825656.7024126,1,STR,10153,1,,,,,1.579,0.0,-2.402,-1.579,,2260,2020,158,150,8,9.348,,,,,,,,,,,,,,,-9.477,-1.458,1.587,-9.348
1790825656.7183852,1,WPI,10171,1,,,,,,,,,,2262,2018,,,,,,,10170,5,6232.668,6183.931,48,-3068,40000,-18,100,,,,,,,
1790825656.7234747,1,ENC,10188,1,,242,240,39,,,,,,,,,,,,,,,,,,,,,,,,,,,,,
1790825656.7390897,1,STR,10192,1,,,,,1.536,0.0,-2.281,-1.536,,2263,2017,158,150,8,9.443,,,,,,,,,,,,,,,-9.33,-1.552,1.439,-9.443
1790825656.7439404,1,ENC,10209,1,,131,129,21,,,,,,,,,,,,,,,,,,,,,,,,,,,,,
1790825656.7608535,1,STR,10213,1,,,,,1.49,0.0,-2.281,-1.49,,2270,2010,158,150,8,9.057,,,,,,,,,,,,,,,-9.203,-1.597,1.743,-9.057
1790825656.7746909,1,WPI,10231,1,,,,,,,,,,2272,2008,,,,,,,10230,5,6211.257,6149.425,61,-2406,40000,-8,100,,,,,,,
1790825656.7792346,1,ENC,10246,1,,229,228,37,,,,,,,,,,,,,,,,,,,,,,,,,,,,,
1790825656.787928,1,STR,10248,1,,,,,1.434,0.0,-2.281,-1.457,,2269,2011,158,150,8,9.362,,,,,,,,,,,,,,,-9.252,-1.674,1.564,-9.362
1790825656.8011196,1,ENC,10266,1,,124,124,20,,,,,,,,,,,,,,,,,,,,,,,,,,,,,
1790825656.8154685,1,STR,10270,1,,,,,1.422,0.0,1.096,-1.422,,2262,2018,159,150,9,9.634,,,,,,,,,,,,,,,-9.212,-1.728,1.305,-9.634
1790825656.829073,1,WPI,10286,1,,,,,,,,,,2266,2014,,,,,,,10285,5,6191.219,6167.248,23,-2031,40000,-14,100,,,,,,,
1790825656.8335907,1,ENC,10299,1,,203,203,33,,,,,,,,,,,,,,,,,,,,,,,,,,,,,
1790825656.850305,1,STR,10303,1,,,,,1.471,0.0,0.614,-1.471,,2260,2020,160,150,10,11.581,,,,,,,,,,,,,,,-9.748,-1.793,-0.04,-11.581
1790825656.8564248,1,ENC,10322,1,,141,143,23,,,,,,,,,,,,,,,,,,,,,,,,,,,,,
1790825656.870962,1,STR,10326,1,,,,,1.48,0.0,0.0,-1.48,,2257,2023,161,150,11,12.01,,,,,,,,,,,,,,,-9.994,-1.848,-0.167,-12.01
1790825656.8846326,1,WPI,10340,1,,,,,,,,,,2257,2023,,,,,,,10340,5,6163.852,6173.494,-9,-2093,40000,-23,100,,,,,,,
1790825656.891222,1,ENC,10355,1,,207,208,33,,,,,,,,,,,,,,,,,,,,,,,,,,,,,
1790825656.9092999,1,STR,10361,1,,,,,1.531,0.0,3.267,-1.531,,2254,2026,162,150,12,13.601,,,,,,,,,,,,,,,-10.61,-1.926,-1.064,-13.601
1790825656.9144382,1,ENC,10380,1,,150,151,25,,,,,,,,,,,,,,,,,,,,,,,,,,,,,
1790825656.9303014,1,STR,10384,1,,,,,1.555,0.0,0.312,-1.555,,2255,2025,163,150,13,14.035,,,,,,,,,,,,,,,-10.928,-1.973,-1.134,-14.035
1790825656.9441519,1,WPI,10400,1,,,,,,,,,,2256,2024,,,,,,,10400,5,6149.039,6153.173,-4,-2342,40000,-24,100,,,,,,,
1790825656.9509277,1,ENC,10415,1,,219,218,35,,,,,,,,,,,,,,,,,,,,,,,,,,,,,
1790825656.9691331,1,STR,10421,1,,,,,1.605,0.0,2.664,-1.605,,2261,2019,162,150,12,12.932,,,,,,,,,,,,,,,-9.63,-2.067,-1.235,-12.932
1790825656.974159,1,ENC,10440,1,,150,149,25,,,,,,,,,,,,,,,,,,,,,,,,,,,,,
1790825656.9885626,1,STR,10444,1,,,,,1.618,0.0,0.0,-1.618,,2311,2071,162,150,12,12.851,,,,,,,,,,,,,,,-9.71,-2.115,-1.025,-12.851
1790825657.002521,1,WPI,10460,1,,,,,,,,,,2458,2227,,,,,,,10460,5,6138.474,6130.377,8,-2267,40000,-19,96,,,,,,,
1790825657.0107663,1,ENC,10475,1,,218,217,35,,,,,,,,,,,,,,,,,,,,,,,,,,,,,
1790825657.028581,1,STR,10481,1,,,,,1.613,0.0,0.915,-1.613,,2708,2483,161,150,11,12.319,,,,,,,,,,,,,,,-9.681,-2.212,-0.425,-12.319
1790825657.0338013,1,ENC,10500,1,,147,146,25,,,,,,,,,,,,,,,,,,,,,,,,,,,,,
1790825657.0480988,1,STR,10504,1,,,,,1.618,0.0,0.0,-1.618,,3004,2794,161,150,11,12.322,,,,,,,,,,,,,,,-9.708,-2.261,-0.353,-12.322
1790825657.061935,1,WPI,10518,1,,,,,,,,,,3303,3102,,,,,,,10515,5,6047.497,6020.97,26,-2055,40000,-10,79,,,,,,,
1790825657.0673227,1,ENC,10533,1,,191,192,33,,,,,,,,,,,,,,,,,,,,,,,,,,,,,
1790825657.083825,1,STR,10539,1,,,,,1.64,0.0,0.493,-1.628,,3743,3573,161,150,11,12.63,,,,,,,,,,,,,,,-9.767,-2.346,-0.518,-12.63
1790825657.0902762,1,ENC,10555,1,,127,128,22,,,,,,,,,,,,,,,,,,,,,,,,,,,,,
1790825657.1031532,1,STR,10561,1,,,,,1.663,0.0,3.207,-1.663,,4333,4197,162,150,12,13.143,,,,,,,,,,,,,,,-9.98,-2.408,-0.755,-13.143
1790825657.1109161,1,WPI,10574,1,,,,,,,,,,4628,4510,,,,,,,10570,5,5710.822,5738.987,-28,-2108,40000,-14,52,,,,,,,
1790825657.1133547,1,ENC,10582,1,,137,138,27,,,,,,,,,,,,,,,,,,,,,,,,,,,,,
1790825657.126642,1,STR,10584,1,,,,,1.72,0.0,2.724,-1.72,,4876,4768,163,150,13,14.192,,,,,,,,,,,,,,,-10.321,-2.458,-1.412,-14.192
1790825657.1350453,1,ENC,10602,1,,95,97,20,,,,,,,,,,,,,,,,,,,,,,,,,,,,,
1790825657.1510878,1,STR,10606,1,,,,,1.809,0.0,3.327,-1.775,,5367,5288,164,150,14,15.156,,,,,,,,,,,,,,,-10.652,-2.524,-1.98,-15.156
1790825657.163781,1,WPI,10622,1,,,,,,,,,,5564,5496,,,,,,,10620,5,5022.479,5073.268,-50,-2476,40000,-12,33,,,,,,,
1790825657.169916,1,ENC,10637,1,,146,147,35,,,,,,,,,,,,,,,,,,,,,,,,,,,,,
1790825657.1879272,1,STR,10641,1,,,,,1.923,0.0,4.956,-1.923,,5765,5700,165,150,15,17.028,,,,,,,,,,,,,,,-11.536,-2.622,-2.871,-17.028
1790825657.192999,1,ENC,10660,1,,82,82,23,,,,,,,,,,,,,,,,,,,,,,,,,,,,,
1790825657.20897,1,STR,10664,1,,,,,2.009,0.0,4.111,-2.009,,5963,5907,166,150,16,18.056,,,,,,,,,,,,,,,-12.054,-2.681,-3.322,-18.056
1790825657.2214057,1,WPI,10680,1,,,,,,,,,,6161,6114,,,,,,,10680,5,3909.165,3933.546,-24,-2735,40000,-6,21,,,,,,,
1790825657.2264645,1,ENC,10693,1,,97,98,33,,,,,,,,,,,,,,,,,,,,,,,,,,,,,
1790825657.2445443,1,STR,10699,1,,,,,2.104,0.0,2.604,-2.093,,6259,6218,166,150,16,17.955,,,,,,,,,,,,,,,-12.557,-2.789,-2.608,-17.955
1790825657.2506084,1,ENC,10718,1,,60,61,25,,,,,,,,,,,,,,,,,,,,,,,,,,,,,
1790825657.26504,1,STR,10722,1,,,,,2.144,0.0,0.252,-2.144,,6457,6425,166,150,16,18.127,,,,,,,,,,,,,,,-12.865,-2.869,-2.393,-18.127
1790825657.270562,1,ENC,10738,0,,39,41,20,,,,,,,,,,,,,,,,,,,,,,,,,,,,,
1790825657.2824216,1,STR,10742,1,,,,,2.142,0.0,-0.231,-2.144,,7199,7199,150,150,0,0.0,,,,,,,,,,,,,,,0.0,0.0,0.0,0.0
1790825657.2903857,1,ENC,10758,0,,29,31,20,,,,,,,,,,,,,,,,,,,,,,,,,,,,,
1790825657.301237,1,STR,10762,1,,,,,2.121,0.0,-1.678,-2.144,,7199,7199,150,150,0,0.0,,,,,,,,,,,,,,,0.0,0.0,0.0,0.0
1790825657.310198,1,ENC,10778,0,,19,23,20,,,,,,,,,,,,,,,,,,,,,,,,,,,,,
1790825657.3208778,1,STR,10782,1,,,,,2.091,0.0,-1.075,-2.144,,7199,7199,150,150,0,0.0,,,,,,,,,,,,,,,0.0,0.0,0.0,0.0
1790825657.3302286,1,ENC,10798,0,,14,16,20,,,,,,,,,,,,,,,,,,,,,,,,,,,,,
1790825657.3410256,1,STR,10802,1,,,,,2.074,0.0,-0.713,-2.144,,7199,7199,150,150,0,0.0,,,,,,,,,,,,,,,0.0,0.0,0.0,0.0
1790825657.3500953,1,ENC,10818,0,,10,13,20,,,,,,,,,,,,,,,,,,,,,,,,,,,,,
1790825657.3609312,1,STR,10822,1,,,,,2.067,0.0,-0.291,-2.144,,7199,7199,150,150,0,0.0,,,,,,,,,,,,,,,0.0,0.0,0.0,0.0
1790825657.3688772,1,ENC,10838,0,,7,9,20,,,,,,,,,,,,,,,,,,,,,,,,,,,,,
1790825657.3802328,1,STR,10842,1,,,,,2.065,0.0,0.0,-2.144,,7199,7199,150,150,0,0.0,,,,,,,,,,,,,,,0.0,0.0,0.0,0.0
1790825657.3888223,1,ENC,10858,0,,6,8,20,,,,,,,,,,,,,,,,,,,,,,,,,,,,,
1790825657.400334,1,STR,10862,1,,,,,2.068,0.0,0.493,-2.144,,7199,7199,150,150,0,0.0,,,,,,,,,,,,,,,0.0,0.0,0.0,0.0
1790825657.4079146,1,ENC,10878,0,,5,6,20,,,,,,,,,,,,,,,,,,,,,,,,,,,,,
1790825657.4143264,1,STR,10880,1,,,,,2.07,0.0,0.0,-2.144,,7199,7199,150,150,0,0.0,,,,,,,,,,,,,,,0.0,0.0,0.0,0.0
1790825657.4286165,1,ENC,10898,0,,2,3,20,,,,,,,,,,,,,,,,,,,,,,,,,,,,,
1790825657.440173,1,STR,10902,1,,,,,2.077,0.0,-0.231,-2.144,,7199,7199,150,150,0,0.0,,,,,,,,,,,,,,,0.0,0.0,0.0,0.0
1790825657.4485428,1,ENC,10918,0,,2,2,20,,,,,,,,,,,,,,,,,,,,,,,,,,,,,
1790825657.4601228,1,STR,10922,1,,,,,2.072,0.0,-0.291,-2.144,,7199,7199,150,150,0,0.0,,,,,,,,,,,,,,,0.0,0.0,0.0,0.0
1790825657.4684353,1,ENC,10938,0,,0,0,20,,,,,,,,,,,,,,,,,,,,,,,,,,,,,
1790825657.4802105,1,STR,10942,1,,,,,2.066,0.0,-0.231,-2.144,,7199,7199,150,150,0,0.0,,,,,,,,,,,,,,,0.0,0.0,0.0,0.0
1790825657.4883368,1,ENC,10958,0,,0,0,20,,,,,,,,,,,,,,,,,,,,,,,,,,,,,
1790825657.499729,1,STR,10962,1,,,,,2.065,0.0,0.0,-2.144,,7199,7199,150,150,0,0.0,,,,,,,,,,,,,,,0.0,0.0,0.0,0.0
1790825657.5082133,1,ENC,10978,0,,0,0,20,,,,,,,,,,,,,,,,,,,,,,,,,,,,,
1790825657.5196736,1,STR,10982,1,,,,,2.065,0.0,0.0,-2.144,,7199,7199,150,150,0,0.0,,,,,,,,,,,,,,,0.0,0.0,0.0,0.0
1790825657.5281868,1,ENC,10998,0,,0,0,20,,,,,,,,,,,,,,,,,,,,,,,,,,,,,
1790825657.539557,1,STR,11002,1,,,,,2.065,0.0,0.0,-2.144,,7199,7199,150,150,0,0.0,,,,,,,,,,,,,,,0.0,0.0,0.0,0.0
1790825657.5480268,1,ENC,11018,0,,0,0,20,,,,,,,,,,,,,,,,,,,,,,,,,,,,,
1790825657.5593352,1,STR,11022,1,,,,,2.065,0.0,0.0,-2.144,,7199,7199,150,150,0,0.0,,,,,,,,,,,,,,,0.0,0.0,0.0,0.0
1790825657.567928,1,ENC,11038,0,,0,0,20,,,,,,,,,,,,,,,,,,,,,,,,,,,,,
1790825657.5878606,1,ENC,11058,0,,0,0,20,,,,,,,,,,,,,,,,,,,,,,,,,,,,,
1790825657.6088421,1,ENC,11078,0,,0,0,20,,,,,,,,,,,,,,,,,,,,,,,,,,,,,
1790825657.627692,1,ENC,11098,0,,0,0,20,,,,,,,,,,,,,,,,,,,,,,,,,,,,,
1790825657.6465657,1,ENC,11118,0,,0,0,20,,,,,,,,,,,,,,,,,,,,,,,,,,,,,
1790825657.6674676,1,ENC,11138,0,,0,0,20,,,,,,,,,,,,,,,,,,,,,,,,,,,,,
1790825657.6874435,1,ENC,11158,0,,0,0,20,,,,,,,,,,,,,,,,,,,,,,,,,,,,,
1790825657.7072392,1,ENC,11178,0,,0,0,20,,,,,,,,,,,,,,,,,,,,,,,,,,,,,
1790825657.7271948,1,ENC,11198,0,,0,0,20,,,,,,,,,,,,,,,,,,,,,,,,,,,,,
1790825657.7470717,1,ENC,11218,0,,0,0,20,,,,,,,,,,,,,,,,,,,,,,,,,,,,,
1790825657.7669652,1,ENC,11238,0,,0,0,20,,,,,,,,,,,,,,,,,,,,,,,,,,,,,
1790825657.786888,1,ENC,11258,0,,0,0,20,,,,,,,,,,,,,,,,,,,,,,,,,,,,,
1790825657.807909,1,ENC,11278,0,,0,0,20,,,,,,,,,,,,,,,,,,,,,,,,,,,,,
1790825657.8266652,1,ENC,11298,0,,0,0,20,,,,,,,,,,,,,,,,,,,,,,,,,,,,,
1790825657.845553,1,ENC,11318,0,,0,0,20,,,,,,,,,,,,,,,,,,,,,,,,,,,,,
1790825657.8665228,1,ENC,11338,0,,0,0,20,,,,,,,,,,,,,,,,,,,,,,,,,,,,,
1790825657.8863652,1,ENC,11358,0,,0,0,20,,,,,,,,,,,,,,,,,,,,,,,,,,,,,
1790825657.906254,1,ENC,11378,0,,0,0,20,,,,,,,,,,,,,,,,,,,,,,,,,,,,,
1790825657.9261677,1,ENC,11398,0,,0,0,20,,,,,,,,,,,,,,,,,,,,,,,,,,,,,
1790825657.9460402,1,ENC,11418,0,,0,0,20,,,,,,,,,,,,,,,,,,,,,,,,,,,,,
1790825657.9659336,1,ENC,11438,0,,0,0,20,,,,,,,,,,,,,,,,,,,,,,,,,,,,,
1790825657.9858325,1,ENC,11458,0,,0,0,20,,,,,,,,,,,,,,,,,,,,,,,,,,,,,
1790825658.006794,1,ENC,11478,0,,0,0,20,,,,,,,,,,,,,,,,,,,,,,,,,,,,,
1790825658.0256224,1,ENC,11498,0,,0,0,20,,,,,,,,,,,,,,,,,,,,,,,,,,,,,
1790825658.0445254,1,ENC,11518,0,,0,0,20,,,,,,,,,,,,,,,,,,,,,,,,,,,,,
1790825658.0654457,1,ENC,11538,0,,0,0,20,,,,,,,,,,,,,,,,,,,,,,,,,,,,,
1790825658.085286,1,ENC,11558,0,,0,0,20,,,,,,,,,,,,,,,,,,,,,,,,,,,,,
1790825658.105221,1,ENC,11578,0,,0,0,20,,,,,,,,,,,,,,,,,,,,,,,,,,,,,
1790825658.1251302,1,ENC,11598,0,,0,0,20,,,,,,,,,,,,,,,,,,,,,,,,,,,,,
1790825658.145011,1,ENC,11618,0,,0,0,20,,,,,,,,,,,,,,,,,,,,,,,,,,,,,
1790825658.1648886,1,ENC,11638,0,,0,0,20,,,,,,,,,,,,,,,,,,,,,,,,,,,,,
1790825658.1848173,1,ENC,11658,0,,0,0,20,,,,,,,,,,,,,,,,,,,,,,,,,,,,,
1790825658.2058303,1,ENC,11678,0,,0,0,20,,,,,,,,,,,,,,,,,,,,,,,,,,,,,
1790825658.2246382,1,ENC,11698,0,,0,0,20,,,,,,,,,,,,,,,,,,,,,,,,,,,,,
1790825658.243502,1,ENC,11718,0,,0,0,20,,,,,,,,,,,,,,,,,,,,,,,,,,,,,
1790825658.264413,1,ENC,11738,0,,0,0,20,,,,,,,,,,,,,,,,,,,,,,,,,,,,,
1790825658.2842457,1,ENC,11758,0,,0,0,20,,,,,,,,,,,,,,,,,,,,,,,,,,,,,
1790825658.304157,1,ENC,11778,0,,0,0,20,,,,,,,,,,,,,,,,,,,,,,,,,,,,,
1790825658.3240957,1,ENC,11798,0,,0,0,20,,,,,,,,,,,,,,,,,,,,,,,,,,,,,
1790825658.3439496,1,ENC,11818,0,,0,0,20,,,,,,,,,,,,,,,,,,,,,,,,,,,,,
1790825658.363858,1,ENC,11838,0,,0,0,20,,,,,,,,,,,,,,,,,,,,,,,,,,,,,
1790825658.3837626,1,ENC,11858,0,,0,0,20,,,,,,,,,,,,,,,,,,,,,,,,,,,,,
1790825658.4047287,1,ENC,11878,0,,0,0,20,,,,,,,,,,,,,,,,,,,,,,,,,,,,,
1790825658.4235744,1,ENC,11898,0,,0,0,20,,,,,,,,,,,,,,,,,,,,,,,,,,,,,
1790825658.4424787,1,ENC,11918,0,,0,0,20,,,,,,,,,,,,,,,,,,,,,,,,,,,,,
1790825658.4634101,1,ENC,11938,0,,0,0,20,,,,,,,,,,,,,,,,,,,,,,,,,,,,,
1790825658.4832652,1,ENC,11958,0,,0,0,20,,,,,,,,,,,,,,,,,,,,,,,,,,,,,
1790825658.5031524,1,ENC,11978,0,,0,0,20,,,,,,,,,,,,,,,,,,,,,,,,,,,,,
1790825658.5230627,1,ENC,11998,0,,0,0,20,,,,,,,,,,,,,,,,,,,,,,,,,,,,,
1790825658.5430102,1,ENC,12018,0,,0,0,20,,,,,,,,,,,,,,,,,,,,,,,,,,,,,
1790825658.5628378,1,ENC,12038,0,,0,0,20,,,,,,,,,,,,,,,,,,,,,,,,,,,,,
1790825658.5827565,1,ENC,12058,0,,0,0,20,,,,,,,,,,,,,,,,,,,,,,,,,,,,,
1790825658.603774,1,ENC,12078,0,,0,0,20,,,,,,,,,,,,,,,,,,,,,,,,,,,,,
1790825658.622529,1,ENC,12098,0,,0,0,20,,,,,,,,,,,,,,,,,,,,,,,,,,,,,
1790825658.6414149,1,ENC,12118,0,,0,0,20,,,,,,,,,,,,,,,,,,,,,,,,,,,,,
1790825658.662351,1,ENC,12138,0,,0,0,20,,,,,,,,,,,,,,,,,,,,,,,,,,,,,
1790825658.6822188,1,ENC,12158,0,,0,0,20,,,,,,,,,,,,,,,,,,,,,,,,,,,,,
1790825658.7021196,1,ENC,12178,0,,0,0,20,,,,,,,,,,,,,,,,,,,,,,,,,,,,,
1790825658.7221165,1,ENC,12198,0,,0,0,20,,,,,,,,,,,,,,,,,,,,,,,,,,,,,
1790825658.7420037,1,ENC,12218,0,,0,0,20,,,,,,,,,,,,,,,,,,,,,,,,,,,,,
1790825658.761984,1,ENC,12238,0,,0,0,20,,,,,,,,,,,,,,,,,,,,,,,,,,,,,
1790825658.7820373,1,ENC,12258,0,,0,0,20,,,,,,,,,,,,,,,,,,,,,,,,,,,,,
1790825658.8026962,1,ENC,12278,0,,0,0,20,,,,,,,,,,,,,,,,,,,,,,,,,,,,,
1790825658.8217034,1,ENC,12298,0,,0,0,20,,,,,,,,,,,,,,,,,,,,,,,,,,,,,
1790825658.8410692,1,ENC,12318,0,,0,0,20,,,,,,,,,,,,,,,,,,,,,,,,,,,,,
1790825658.861708,1,ENC,12338,0,,0,0,20,,,,,,,,,,,,,,,,,,,,,,,,,,,,,
1790825658.8815699,1,ENC,12358,0,,0,0,20,,,,,,,,,,,,,,,,,,,,,,,,,,,,,
1790825658.9014878,1,ENC,12378,0,,0,0,20,,,,,,,,,,,,,,,,,,,,,,,,,,,,,
1790825658.9213762,1,ENC,12398,0,,0,0,20,,,,,,,,,,,,,,,,,,,,,,,,,,,,,
1790825658.941018,1,ENC,12418,0,,0,0,20,,,,,,,,,,,,,,,,,,,,,,,,,,,,,
1790825658.960798,1,ENC,12438,0,,0,0,20,,,,,,,,,,,,,,,,,,,,,,,,,,,,,
1790825658.9806993,1,ENC,12458,0,,0,0,20,,,,,,,,,,,,,,,,,,,,,,,,,,,,,
1790825659.001703,1,ENC,12478,0,,0,0,20,,,,,,,,,,,,,,,,,,,,,,,,,,,,,
1790825659.0204732,1,ENC,12498,0,,0,0,20,,,,,,,,,,,,,,,,,,,,,,,,,,,,,
1790825659.039662,1,ENC,12518,0,,0,0,20,,,,,,,,,,,,,,,,,,,,,,,,,,,,,
